Nation,iso_code3,Code,Year,frac_enfu_fuel_demand_imported_pj_fuel_coal
argentina,ARG,32,1960,0.0
argentina,ARG,32,1961,0.0
argentina,ARG,32,1962,0.0
argentina,ARG,32,1963,0.0
argentina,ARG,32,1964,0.0
argentina,ARG,32,1965,0.0
argentina,ARG,32,1966,0.0
argentina,ARG,32,1967,0.0
argentina,ARG,32,1968,0.0
argentina,ARG,32,1969,0.0
argentina,ARG,32,1970,0.0
argentina,ARG,32,1971,1.0
argentina,ARG,32,1972,0.16977077562211837
argentina,ARG,32,1973,0.17832831648516131
argentina,ARG,32,1974,0.2052889128255132
argentina,ARG,32,1975,0.26964662099087783
argentina,ARG,32,1976,0.16512742736456895
argentina,ARG,32,1977,0.19430109405226345
argentina,ARG,32,1978,0.1451051115994135
argentina,ARG,32,1979,0.19627461415646622
argentina,ARG,32,1980,0.1668546730470095
argentina,ARG,32,1981,0.13279964239998374
argentina,ARG,32,1982,0.13177258818369522
argentina,ARG,32,1983,0.09406886109055872
argentina,ARG,32,1984,0.0990681184773282
argentina,ARG,32,1985,0.1358754503196284
argentina,ARG,32,1986,0.19204292500400763
argentina,ARG,32,1987,0.1872670310027357
argentina,ARG,32,1988,0.17406153174370909
argentina,ARG,32,1989,0.20018423513459666
argentina,ARG,32,1990,0.19761575043208485
argentina,ARG,32,1991,0.1506063368293318
argentina,ARG,32,1992,0.16235758222247174
argentina,ARG,32,1993,0.17754576802104666
argentina,ARG,32,1994,0.19089455332846414
argentina,ARG,32,1995,0.16603830527617797
argentina,ARG,32,1996,0.13761388545343284
argentina,ARG,32,1997,0.11756018070696579
argentina,ARG,32,1998,0.11549751340560802
argentina,ARG,32,1999,0.17221139961428114
argentina,ARG,32,2000,0.16501457128924873
argentina,ARG,32,2001,0.1615544876525724
argentina,ARG,32,2002,0.1401961318711813
argentina,ARG,32,2003,0.16094932864238534
argentina,ARG,32,2004,0.09923248916895738
argentina,ARG,32,2005,0.14756024733393241
argentina,ARG,32,2006,0.13415398895911007
argentina,ARG,32,2007,0.11026074473906852
argentina,ARG,32,2008,0.14500815607076656
argentina,ARG,32,2009,0.10024103547339411
argentina,ARG,32,2010,0.09588332099856127
argentina,ARG,32,2011,0.07473700974319354
argentina,ARG,32,2012,0.06901794209059872
argentina,ARG,32,2013,0.054322372967821865
argentina,ARG,32,2014,0.0468562090804678
argentina,ARG,32,2015,0.04608793194427098
argentina,ARG,32,2016,0.040625211171785
argentina,ARG,32,2017,0.06154348904569625
bahamas,BHS,44,1960,0.0
bahamas,BHS,44,1961,0.0
bahamas,BHS,44,1962,0.0
bahamas,BHS,44,1963,0.0
bahamas,BHS,44,1964,0.0
bahamas,BHS,44,1965,0.0
bahamas,BHS,44,1966,0.0
bahamas,BHS,44,1967,0.0
bahamas,BHS,44,1968,0.0
bahamas,BHS,44,1969,0.0
bahamas,BHS,44,1970,0.0
bahamas,BHS,44,1971,1.0
bahamas,BHS,44,1972,1.0
bahamas,BHS,44,1973,1.0
bahamas,BHS,44,1974,1.0
bahamas,BHS,44,1975,1.0
bahamas,BHS,44,1976,1.0
bahamas,BHS,44,1977,1.0
bahamas,BHS,44,1978,1.0
bahamas,BHS,44,1979,1.0
bahamas,BHS,44,1980,1.0
bahamas,BHS,44,1981,1.0
bahamas,BHS,44,1982,1.0
bahamas,BHS,44,1983,1.0
bahamas,BHS,44,1984,0.449685534591195
bahamas,BHS,44,1985,0.5884773662551441
bahamas,BHS,44,1986,0.00884463137060861
bahamas,BHS,44,1987,0.005642583750937143
bahamas,BHS,44,1988,0.0057677570281934425
bahamas,BHS,44,1989,0.0
bahamas,BHS,44,1990,0.0
bahamas,BHS,44,1991,0.0
bahamas,BHS,44,1992,0.0
bahamas,BHS,44,1993,0.0
bahamas,BHS,44,1994,0.0
bahamas,BHS,44,1995,0.0
bahamas,BHS,44,1996,0.07517636684303353
bahamas,BHS,44,1997,0.0
bahamas,BHS,44,1998,0.0
bahamas,BHS,44,1999,0.0
bahamas,BHS,44,2000,0.06751652502360718
bahamas,BHS,44,2001,0.38104189044038667
bahamas,BHS,44,2002,0.44955081269148883
bahamas,BHS,44,2003,0.48492406688607814
bahamas,BHS,44,2004,0.3379714790463875
bahamas,BHS,44,2005,0.5288802839625686
bahamas,BHS,44,2006,0.4131172670535421
bahamas,BHS,44,2007,0.5104801446460858
bahamas,BHS,44,2008,0.6861279436844588
bahamas,BHS,44,2009,0.5465155051683894
bahamas,BHS,44,2010,0.5021517171546706
bahamas,BHS,44,2011,0.3670492943748757
bahamas,BHS,44,2012,0.28468427443837285
bahamas,BHS,44,2013,0.2907064741582704
bahamas,BHS,44,2014,0.2226578727230306
bahamas,BHS,44,2015,0.2694688626692164
bahamas,BHS,44,2016,0.21061069656472994
bahamas,BHS,44,2017,1.0
barbados,BRB,52,1960,0.0
barbados,BRB,52,1961,0.0
barbados,BRB,52,1962,0.0
barbados,BRB,52,1963,0.0
barbados,BRB,52,1964,0.0
barbados,BRB,52,1965,0.0
barbados,BRB,52,1966,0.0
barbados,BRB,52,1967,0.0
barbados,BRB,52,1968,0.0
barbados,BRB,52,1969,0.0
barbados,BRB,52,1970,0.0
barbados,BRB,52,1971,1.0
barbados,BRB,52,1972,1.0
barbados,BRB,52,1973,1.0
barbados,BRB,52,1974,1.0
barbados,BRB,52,1975,1.0
barbados,BRB,52,1976,1.0
barbados,BRB,52,1977,1.0
barbados,BRB,52,1978,1.0
barbados,BRB,52,1979,1.0
barbados,BRB,52,1980,1.0
barbados,BRB,52,1981,1.0
barbados,BRB,52,1982,1.0
barbados,BRB,52,1983,1.0
barbados,BRB,52,1984,0.449685534591195
barbados,BRB,52,1985,0.5884773662551441
barbados,BRB,52,1986,0.00884463137060861
barbados,BRB,52,1987,0.005642583750937143
barbados,BRB,52,1988,0.0057677570281934425
barbados,BRB,52,1989,0.0
barbados,BRB,52,1990,0.0
barbados,BRB,52,1991,0.0
barbados,BRB,52,1992,0.0
barbados,BRB,52,1993,0.0
barbados,BRB,52,1994,0.0
barbados,BRB,52,1995,0.0
barbados,BRB,52,1996,0.07517636684303353
barbados,BRB,52,1997,0.0
barbados,BRB,52,1998,0.0
barbados,BRB,52,1999,0.0
barbados,BRB,52,2000,0.06751652502360718
barbados,BRB,52,2001,0.38104189044038667
barbados,BRB,52,2002,0.44955081269148883
barbados,BRB,52,2003,0.48492406688607814
barbados,BRB,52,2004,0.3379714790463875
barbados,BRB,52,2005,0.5288802839625686
barbados,BRB,52,2006,0.4131172670535421
barbados,BRB,52,2007,0.5104801446460858
barbados,BRB,52,2008,0.6861279436844588
barbados,BRB,52,2009,0.5465155051683894
barbados,BRB,52,2010,0.5021517171546706
barbados,BRB,52,2011,0.3670492943748757
barbados,BRB,52,2012,0.28468427443837285
barbados,BRB,52,2013,0.2907064741582704
barbados,BRB,52,2014,0.2226578727230306
barbados,BRB,52,2015,0.2694688626692164
barbados,BRB,52,2016,0.21061069656472994
barbados,BRB,52,2017,1.0
belize,BLZ,84,1960,0.0
belize,BLZ,84,1961,0.0
belize,BLZ,84,1962,0.0
belize,BLZ,84,1963,0.0
belize,BLZ,84,1964,0.0
belize,BLZ,84,1965,0.0
belize,BLZ,84,1966,0.0
belize,BLZ,84,1967,0.0
belize,BLZ,84,1968,0.0
belize,BLZ,84,1969,0.0
belize,BLZ,84,1970,0.0
belize,BLZ,84,1971,1.0
belize,BLZ,84,1972,1.0
belize,BLZ,84,1973,1.0
belize,BLZ,84,1974,1.0
belize,BLZ,84,1975,1.0
belize,BLZ,84,1976,1.0
belize,BLZ,84,1977,1.0
belize,BLZ,84,1978,1.0
belize,BLZ,84,1979,1.0
belize,BLZ,84,1980,1.0
belize,BLZ,84,1981,1.0
belize,BLZ,84,1982,1.0
belize,BLZ,84,1983,1.0
belize,BLZ,84,1984,0.449685534591195
belize,BLZ,84,1985,0.5884773662551441
belize,BLZ,84,1986,0.00884463137060861
belize,BLZ,84,1987,0.005642583750937143
belize,BLZ,84,1988,0.0057677570281934425
belize,BLZ,84,1989,0.0
belize,BLZ,84,1990,0.0
belize,BLZ,84,1991,0.0
belize,BLZ,84,1992,0.0
belize,BLZ,84,1993,0.0
belize,BLZ,84,1994,0.0
belize,BLZ,84,1995,0.0
belize,BLZ,84,1996,0.07517636684303353
belize,BLZ,84,1997,0.0
belize,BLZ,84,1998,0.0
belize,BLZ,84,1999,0.0
belize,BLZ,84,2000,0.06751652502360718
belize,BLZ,84,2001,0.38104189044038667
belize,BLZ,84,2002,0.44955081269148883
belize,BLZ,84,2003,0.48492406688607814
belize,BLZ,84,2004,0.3379714790463875
belize,BLZ,84,2005,0.5288802839625686
belize,BLZ,84,2006,0.4131172670535421
belize,BLZ,84,2007,0.5104801446460858
belize,BLZ,84,2008,0.6861279436844588
belize,BLZ,84,2009,0.5465155051683894
belize,BLZ,84,2010,0.5021517171546706
belize,BLZ,84,2011,0.3670492943748757
belize,BLZ,84,2012,0.28468427443837285
belize,BLZ,84,2013,0.2907064741582704
belize,BLZ,84,2014,0.2226578727230306
belize,BLZ,84,2015,0.2694688626692164
belize,BLZ,84,2016,0.21061069656472994
belize,BLZ,84,2017,1.0
bolivia,BOL,68,1960,0.0
bolivia,BOL,68,1961,0.0
bolivia,BOL,68,1962,0.0
bolivia,BOL,68,1963,0.0
bolivia,BOL,68,1964,0.0
bolivia,BOL,68,1965,0.0
bolivia,BOL,68,1966,0.0
bolivia,BOL,68,1967,0.0
bolivia,BOL,68,1968,0.0
bolivia,BOL,68,1969,0.0
bolivia,BOL,68,1970,0.0
bolivia,BOL,68,1971,1.0
bolivia,BOL,68,1972,1.0
bolivia,BOL,68,1973,1.0
bolivia,BOL,68,1974,1.0
bolivia,BOL,68,1975,1.0
bolivia,BOL,68,1976,1.0
bolivia,BOL,68,1977,1.0
bolivia,BOL,68,1978,1.0
bolivia,BOL,68,1979,1.0
bolivia,BOL,68,1980,1.0
bolivia,BOL,68,1981,1.0
bolivia,BOL,68,1982,1.0
bolivia,BOL,68,1983,1.0
bolivia,BOL,68,1984,0.449685534591195
bolivia,BOL,68,1985,0.5884773662551441
bolivia,BOL,68,1986,0.00884463137060861
bolivia,BOL,68,1987,0.005642583750937143
bolivia,BOL,68,1988,0.0057677570281934425
bolivia,BOL,68,1989,0.0
bolivia,BOL,68,1990,0.0
bolivia,BOL,68,1991,0.0
bolivia,BOL,68,1992,0.0
bolivia,BOL,68,1993,0.0
bolivia,BOL,68,1994,0.0
bolivia,BOL,68,1995,0.0
bolivia,BOL,68,1996,0.07517636684303353
bolivia,BOL,68,1997,0.0
bolivia,BOL,68,1998,0.0
bolivia,BOL,68,1999,0.0
bolivia,BOL,68,2000,0.06751652502360718
bolivia,BOL,68,2001,0.38104189044038667
bolivia,BOL,68,2002,0.44955081269148883
bolivia,BOL,68,2003,0.48492406688607814
bolivia,BOL,68,2004,0.3379714790463875
bolivia,BOL,68,2005,0.5288802839625686
bolivia,BOL,68,2006,0.4131172670535421
bolivia,BOL,68,2007,0.5104801446460858
bolivia,BOL,68,2008,0.6861279436844588
bolivia,BOL,68,2009,0.5465155051683894
bolivia,BOL,68,2010,0.5021517171546706
bolivia,BOL,68,2011,0.3670492943748757
bolivia,BOL,68,2012,0.28468427443837285
bolivia,BOL,68,2013,0.2907064741582704
bolivia,BOL,68,2014,0.2226578727230306
bolivia,BOL,68,2015,0.2694688626692164
bolivia,BOL,68,2016,0.21061069656472994
bolivia,BOL,68,2017,1.0
brazil,BRA,76,1960,0.0
brazil,BRA,76,1961,0.0
brazil,BRA,76,1962,0.0
brazil,BRA,76,1963,0.0
brazil,BRA,76,1964,0.0
brazil,BRA,76,1965,0.0
brazil,BRA,76,1966,0.0
brazil,BRA,76,1967,0.0
brazil,BRA,76,1968,0.0
brazil,BRA,76,1969,0.0
brazil,BRA,76,1970,0.0
brazil,BRA,76,1971,1.0
brazil,BRA,76,1972,1.0
brazil,BRA,76,1973,0.9975475318974133
brazil,BRA,76,1974,0.9836183736321341
brazil,BRA,76,1975,0.9860968190109356
brazil,BRA,76,1976,0.9874826356863468
brazil,BRA,76,1977,0.9974877008176795
brazil,BRA,76,1978,0.9926355854345004
brazil,BRA,76,1979,0.9909430804496825
brazil,BRA,76,1980,1.0
brazil,BRA,76,1981,1.0
brazil,BRA,76,1982,1.0
brazil,BRA,76,1983,0.9998188379541733
brazil,BRA,76,1984,0.9989630074014386
brazil,BRA,76,1985,0.8893140710428938
brazil,BRA,76,1986,0.61052821506942
brazil,BRA,76,1987,0.5378610787206738
brazil,BRA,76,1988,0.5151494780714377
brazil,BRA,76,1989,0.4621804296280927
brazil,BRA,76,1990,0.43241415176438525
brazil,BRA,76,1991,0.45111385887833766
brazil,BRA,76,1992,0.4715234112702724
brazil,BRA,76,1993,0.4518963051005242
brazil,BRA,76,1994,0.4287466022808376
brazil,BRA,76,1995,0.41507558603895406
brazil,BRA,76,1996,0.421267129460694
brazil,BRA,76,1997,0.39507113386603687
brazil,BRA,76,1998,0.3999277120194374
brazil,BRA,76,1999,0.3745914555859969
brazil,BRA,76,2000,0.3339940962082775
brazil,BRA,76,2001,0.32025696038876966
brazil,BRA,76,2002,0.319532183865026
brazil,BRA,76,2003,0.33595604549401026
brazil,BRA,76,2004,0.2942628021108364
brazil,BRA,76,2005,0.27048714057060447
brazil,BRA,76,2006,0.2501059394392906
brazil,BRA,76,2007,0.2657382737622437
brazil,BRA,76,2008,0.2605487890104749
brazil,BRA,76,2009,0.24048204926224456
brazil,BRA,76,2010,0.27018878911568583
brazil,BRA,76,2011,0.309715676127731
brazil,BRA,76,2012,0.2571924739791359
brazil,BRA,76,2013,0.24650020399032085
brazil,BRA,76,2014,0.2601066398029384
brazil,BRA,76,2015,0.26717604559246166
brazil,BRA,76,2016,0.29004765044886044
brazil,BRA,76,2017,0.32356547605614566
chile,CHL,152,1960,0.0
chile,CHL,152,1961,0.0
chile,CHL,152,1962,0.0
chile,CHL,152,1963,0.0
chile,CHL,152,1964,0.0
chile,CHL,152,1965,0.0
chile,CHL,152,1966,0.0
chile,CHL,152,1967,0.0
chile,CHL,152,1968,0.0
chile,CHL,152,1969,0.0
chile,CHL,152,1970,0.0
chile,CHL,152,1971,0.9956972327059489
chile,CHL,152,1972,0.9972096212260126
chile,CHL,152,1973,0.9941127987754622
chile,CHL,152,1974,0.9947301854974704
chile,CHL,152,1975,0.9928428285141713
chile,CHL,152,1976,0.9943792256178838
chile,CHL,152,1977,0.9921048476235592
chile,CHL,152,1978,0.9978070896790676
chile,CHL,152,1979,1.0
chile,CHL,152,1980,1.0
chile,CHL,152,1981,1.0
chile,CHL,152,1982,1.0
chile,CHL,152,1983,1.0
chile,CHL,152,1984,1.0
chile,CHL,152,1985,1.0
chile,CHL,152,1986,1.0
chile,CHL,152,1987,1.0
chile,CHL,152,1988,1.0
chile,CHL,152,1989,1.0
chile,CHL,152,1990,1.0
chile,CHL,152,1991,1.0
chile,CHL,152,1992,1.0
chile,CHL,152,1993,1.0
chile,CHL,152,1994,1.0
chile,CHL,152,1995,1.0
chile,CHL,152,1996,1.0
chile,CHL,152,1997,0.7481766364744713
chile,CHL,152,1998,0.5109283952636923
chile,CHL,152,1999,0.3747900256221522
chile,CHL,152,2000,0.2967701576943229
chile,CHL,152,2001,0.18631886234487124
chile,CHL,152,2002,0.19381000610573781
chile,CHL,152,2003,0.17729520998983234
chile,CHL,152,2004,0.19333333977234238
chile,CHL,152,2005,0.193258926323449
chile,CHL,152,2006,0.2414932965995854
chile,CHL,152,2007,0.4502744193530146
chile,CHL,152,2008,0.7206301531944118
chile,CHL,152,2009,0.5527753574758896
chile,CHL,152,2010,0.4003144378504848
chile,CHL,152,2011,0.4686754521997091
chile,CHL,152,2012,0.5047746435839492
chile,CHL,152,2013,0.5160741309290452
chile,CHL,152,2014,0.5220173178987638
chile,CHL,152,2015,0.5054695264545004
chile,CHL,152,2016,0.5054784911194664
chile,CHL,152,2017,0.49018579142590163
colombia,COL,170,1960,0.0
colombia,COL,170,1961,0.0
colombia,COL,170,1962,0.0
colombia,COL,170,1963,0.0
colombia,COL,170,1964,0.0
colombia,COL,170,1965,0.0
colombia,COL,170,1966,0.0
colombia,COL,170,1967,0.0
colombia,COL,170,1968,0.0
colombia,COL,170,1969,0.0
colombia,COL,170,1970,0.0
colombia,COL,170,1971,0.0
colombia,COL,170,1972,1.0
colombia,COL,170,1973,1.0
colombia,COL,170,1974,0.0
colombia,COL,170,1975,0.0
colombia,COL,170,1976,0.0
colombia,COL,170,1977,0.0
colombia,COL,170,1978,0.0
colombia,COL,170,1979,0.0
colombia,COL,170,1980,0.0
colombia,COL,170,1981,0.0
colombia,COL,170,1982,0.0
colombia,COL,170,1983,0.0
colombia,COL,170,1984,0.0
colombia,COL,170,1985,0.0
colombia,COL,170,1986,0.0
colombia,COL,170,1987,0.0
colombia,COL,170,1988,0.0
colombia,COL,170,1989,0.0
colombia,COL,170,1990,0.0
colombia,COL,170,1991,0.0
colombia,COL,170,1992,0.0
colombia,COL,170,1993,0.0
colombia,COL,170,1994,0.0
colombia,COL,170,1995,0.0
colombia,COL,170,1996,0.0
colombia,COL,170,1997,0.0
colombia,COL,170,1998,0.0
colombia,COL,170,1999,0.0
colombia,COL,170,2000,0.0
colombia,COL,170,2001,0.0
colombia,COL,170,2002,0.2906066536203523
colombia,COL,170,2003,0.0
colombia,COL,170,2004,0.09443048576214405
colombia,COL,170,2005,0.23724355602314573
colombia,COL,170,2006,0.0
colombia,COL,170,2007,0.0
colombia,COL,170,2008,0.0
colombia,COL,170,2009,0.0
colombia,COL,170,2010,0.0
colombia,COL,170,2011,0.0
colombia,COL,170,2012,0.0
colombia,COL,170,2013,0.0
colombia,COL,170,2014,0.0
colombia,COL,170,2015,0.0
colombia,COL,170,2016,0.0
colombia,COL,170,2017,0.0
costa_rica,CRI,188,1960,0.0
costa_rica,CRI,188,1961,0.0
costa_rica,CRI,188,1962,0.0
costa_rica,CRI,188,1963,0.0
costa_rica,CRI,188,1964,0.0
costa_rica,CRI,188,1965,0.0
costa_rica,CRI,188,1966,0.0
costa_rica,CRI,188,1967,0.0
costa_rica,CRI,188,1968,0.0
costa_rica,CRI,188,1969,0.0
costa_rica,CRI,188,1970,0.0
costa_rica,CRI,188,1971,1.0
costa_rica,CRI,188,1972,1.0
costa_rica,CRI,188,1973,1.0
costa_rica,CRI,188,1974,1.0
costa_rica,CRI,188,1975,1.0
costa_rica,CRI,188,1976,1.0
costa_rica,CRI,188,1977,1.0
costa_rica,CRI,188,1978,1.0
costa_rica,CRI,188,1979,1.0
costa_rica,CRI,188,1980,1.0
costa_rica,CRI,188,1981,1.0
costa_rica,CRI,188,1982,1.0
costa_rica,CRI,188,1983,1.0
costa_rica,CRI,188,1984,0.449685534591195
costa_rica,CRI,188,1985,0.5884773662551441
costa_rica,CRI,188,1986,0.00884463137060861
costa_rica,CRI,188,1987,0.005642583750937143
costa_rica,CRI,188,1988,0.0057677570281934425
costa_rica,CRI,188,1989,0.0
costa_rica,CRI,188,1990,0.0
costa_rica,CRI,188,1991,0.0
costa_rica,CRI,188,1992,0.0
costa_rica,CRI,188,1993,0.0
costa_rica,CRI,188,1994,0.0
costa_rica,CRI,188,1995,0.0
costa_rica,CRI,188,1996,0.07517636684303353
costa_rica,CRI,188,1997,0.0
costa_rica,CRI,188,1998,0.0
costa_rica,CRI,188,1999,0.0
costa_rica,CRI,188,2000,0.06751652502360718
costa_rica,CRI,188,2001,0.38104189044038667
costa_rica,CRI,188,2002,0.44955081269148883
costa_rica,CRI,188,2003,0.48492406688607814
costa_rica,CRI,188,2004,0.3379714790463875
costa_rica,CRI,188,2005,0.5288802839625686
costa_rica,CRI,188,2006,0.4131172670535421
costa_rica,CRI,188,2007,0.5104801446460858
costa_rica,CRI,188,2008,0.6861279436844588
costa_rica,CRI,188,2009,0.5465155051683894
costa_rica,CRI,188,2010,0.5021517171546706
costa_rica,CRI,188,2011,0.3670492943748757
costa_rica,CRI,188,2012,0.28468427443837285
costa_rica,CRI,188,2013,0.2907064741582704
costa_rica,CRI,188,2014,0.2226578727230306
costa_rica,CRI,188,2015,0.2694688626692164
costa_rica,CRI,188,2016,0.21061069656472994
costa_rica,CRI,188,2017,1.0
dominican_republic,DOM,214,1960,0.0
dominican_republic,DOM,214,1961,0.0
dominican_republic,DOM,214,1962,0.0
dominican_republic,DOM,214,1963,0.0
dominican_republic,DOM,214,1964,0.0
dominican_republic,DOM,214,1965,0.0
dominican_republic,DOM,214,1966,0.0
dominican_republic,DOM,214,1967,0.0
dominican_republic,DOM,214,1968,0.0
dominican_republic,DOM,214,1969,0.0
dominican_republic,DOM,214,1970,0.0
dominican_republic,DOM,214,1971,0.0
dominican_republic,DOM,214,1972,0.0
dominican_republic,DOM,214,1973,0.0
dominican_republic,DOM,214,1974,0.0
dominican_republic,DOM,214,1975,0.0
dominican_republic,DOM,214,1976,0.0
dominican_republic,DOM,214,1977,0.0
dominican_republic,DOM,214,1978,0.0
dominican_republic,DOM,214,1979,0.0
dominican_republic,DOM,214,1980,0.0
dominican_republic,DOM,214,1981,0.0
dominican_republic,DOM,214,1982,0.0
dominican_republic,DOM,214,1983,1.0
dominican_republic,DOM,214,1984,1.0
dominican_republic,DOM,214,1985,1.0
dominican_republic,DOM,214,1986,1.0
dominican_republic,DOM,214,1987,1.0
dominican_republic,DOM,214,1988,1.0
dominican_republic,DOM,214,1989,1.0
dominican_republic,DOM,214,1990,1.0
dominican_republic,DOM,214,1991,1.0
dominican_republic,DOM,214,1992,1.0
dominican_republic,DOM,214,1993,1.0
dominican_republic,DOM,214,1994,1.0
dominican_republic,DOM,214,1995,1.0
dominican_republic,DOM,214,1996,1.0
dominican_republic,DOM,214,1997,1.0
dominican_republic,DOM,214,1998,1.0
dominican_republic,DOM,214,1999,1.0
dominican_republic,DOM,214,2000,1.0
dominican_republic,DOM,214,2001,1.0
dominican_republic,DOM,214,2002,1.0
dominican_republic,DOM,214,2003,0.5271737409071873
dominican_republic,DOM,214,2004,0.7926464626610814
dominican_republic,DOM,214,2005,0.6212016095462745
dominican_republic,DOM,214,2006,0.6499477727142474
dominican_republic,DOM,214,2007,0.5175378670079073
dominican_republic,DOM,214,2008,0.5478597742948333
dominican_republic,DOM,214,2009,0.48312147025228624
dominican_republic,DOM,214,2010,0.40745578141464334
dominican_republic,DOM,214,2011,0.39665867529591364
dominican_republic,DOM,214,2012,0.3002272519870638
dominican_republic,DOM,214,2013,0.3415796014780573
dominican_republic,DOM,214,2014,0.3903876386978753
dominican_republic,DOM,214,2015,0.38443678539249615
dominican_republic,DOM,214,2016,0.3942387851251939
dominican_republic,DOM,214,2017,0.27100413196038564
ecuador,ECU,218,1960,0.0
ecuador,ECU,218,1961,0.0
ecuador,ECU,218,1962,0.0
ecuador,ECU,218,1963,0.0
ecuador,ECU,218,1964,0.0
ecuador,ECU,218,1965,0.0
ecuador,ECU,218,1966,0.0
ecuador,ECU,218,1967,0.0
ecuador,ECU,218,1968,0.0
ecuador,ECU,218,1969,0.0
ecuador,ECU,218,1970,0.0
ecuador,ECU,218,1971,0.0
ecuador,ECU,218,1972,0.0
ecuador,ECU,218,1973,0.0
ecuador,ECU,218,1974,0.0
ecuador,ECU,218,1975,0.0
ecuador,ECU,218,1976,0.0
ecuador,ECU,218,1977,0.0
ecuador,ECU,218,1978,0.0
ecuador,ECU,218,1979,0.0
ecuador,ECU,218,1980,0.0
ecuador,ECU,218,1981,0.0
ecuador,ECU,218,1982,0.0
ecuador,ECU,218,1983,0.0
ecuador,ECU,218,1984,0.0
ecuador,ECU,218,1985,0.0
ecuador,ECU,218,1986,0.0
ecuador,ECU,218,1987,0.0
ecuador,ECU,218,1988,0.0
ecuador,ECU,218,1989,0.0
ecuador,ECU,218,1990,0.0
ecuador,ECU,218,1991,0.0
ecuador,ECU,218,1992,0.0
ecuador,ECU,218,1993,0.0
ecuador,ECU,218,1994,0.0
ecuador,ECU,218,1995,0.0
ecuador,ECU,218,1996,0.0
ecuador,ECU,218,1997,0.0
ecuador,ECU,218,1998,0.0
ecuador,ECU,218,1999,0.0
ecuador,ECU,218,2000,0.0
ecuador,ECU,218,2001,0.0
ecuador,ECU,218,2002,0.0
ecuador,ECU,218,2003,0.0
ecuador,ECU,218,2004,0.0
ecuador,ECU,218,2005,0.0
ecuador,ECU,218,2006,0.0
ecuador,ECU,218,2007,0.0
ecuador,ECU,218,2008,0.0
ecuador,ECU,218,2009,0.0
ecuador,ECU,218,2010,0.0
ecuador,ECU,218,2011,0.0
ecuador,ECU,218,2012,0.0
ecuador,ECU,218,2013,0.0
ecuador,ECU,218,2014,0.0
ecuador,ECU,218,2015,0.0
ecuador,ECU,218,2016,0.0
ecuador,ECU,218,2017,0.0
el_salvador,SLV,222,1960,0.0
el_salvador,SLV,222,1961,0.0
el_salvador,SLV,222,1962,0.0
el_salvador,SLV,222,1963,0.0
el_salvador,SLV,222,1964,0.0
el_salvador,SLV,222,1965,0.0
el_salvador,SLV,222,1966,0.0
el_salvador,SLV,222,1967,0.0
el_salvador,SLV,222,1968,0.0
el_salvador,SLV,222,1969,0.0
el_salvador,SLV,222,1970,0.0
el_salvador,SLV,222,1971,0.0
el_salvador,SLV,222,1972,0.0
el_salvador,SLV,222,1973,0.0
el_salvador,SLV,222,1974,0.0
el_salvador,SLV,222,1975,0.0
el_salvador,SLV,222,1976,0.0
el_salvador,SLV,222,1977,1.0
el_salvador,SLV,222,1978,1.0
el_salvador,SLV,222,1979,1.0
el_salvador,SLV,222,1980,1.0
el_salvador,SLV,222,1981,1.0
el_salvador,SLV,222,1982,1.0
el_salvador,SLV,222,1983,0.0
el_salvador,SLV,222,1984,0.0
el_salvador,SLV,222,1985,0.0
el_salvador,SLV,222,1986,0.0
el_salvador,SLV,222,1987,0.0
el_salvador,SLV,222,1988,0.0
el_salvador,SLV,222,1989,0.0
el_salvador,SLV,222,1990,0.0
el_salvador,SLV,222,1991,0.0
el_salvador,SLV,222,1992,0.0
el_salvador,SLV,222,1993,0.01865762054761328
el_salvador,SLV,222,1994,0.050841862000660286
el_salvador,SLV,222,1995,0.05395935529081991
el_salvador,SLV,222,1996,0.03919572410282515
el_salvador,SLV,222,1997,0.01586974443528442
el_salvador,SLV,222,1998,0.027237354085603117
el_salvador,SLV,222,1999,0.0037216945793760122
el_salvador,SLV,222,2000,0.0021130915627272603
el_salvador,SLV,222,2001,0.004823201478279934
el_salvador,SLV,222,2002,0.003918176267046611
el_salvador,SLV,222,2003,0.00398148866309884
el_salvador,SLV,222,2004,0.003657609728291849
el_salvador,SLV,222,2005,0.005286827560163411
el_salvador,SLV,222,2006,0.13344887348353554
el_salvador,SLV,222,2007,0.0
el_salvador,SLV,222,2008,0.0
el_salvador,SLV,222,2009,0.0
el_salvador,SLV,222,2010,0.0
el_salvador,SLV,222,2011,0.0
el_salvador,SLV,222,2012,0.0
el_salvador,SLV,222,2013,0.0
el_salvador,SLV,222,2014,0.0
el_salvador,SLV,222,2015,0.0
el_salvador,SLV,222,2016,0.0
el_salvador,SLV,222,2017,0.0
guatemala,GTM,320,1960,0.0
guatemala,GTM,320,1961,0.0
guatemala,GTM,320,1962,0.0
guatemala,GTM,320,1963,0.0
guatemala,GTM,320,1964,0.0
guatemala,GTM,320,1965,0.0
guatemala,GTM,320,1966,0.0
guatemala,GTM,320,1967,0.0
guatemala,GTM,320,1968,0.0
guatemala,GTM,320,1969,0.0
guatemala,GTM,320,1970,0.0
guatemala,GTM,320,1971,0.0
guatemala,GTM,320,1972,0.0
guatemala,GTM,320,1973,0.0
guatemala,GTM,320,1974,0.0
guatemala,GTM,320,1975,0.0
guatemala,GTM,320,1976,0.0
guatemala,GTM,320,1977,0.0
guatemala,GTM,320,1978,0.0
guatemala,GTM,320,1979,0.0
guatemala,GTM,320,1980,1.0
guatemala,GTM,320,1981,1.0
guatemala,GTM,320,1982,1.0
guatemala,GTM,320,1983,1.0
guatemala,GTM,320,1984,0.0
guatemala,GTM,320,1985,0.0
guatemala,GTM,320,1986,0.0
guatemala,GTM,320,1987,0.0
guatemala,GTM,320,1988,0.0
guatemala,GTM,320,1989,0.0
guatemala,GTM,320,1990,0.0
guatemala,GTM,320,1991,0.0
guatemala,GTM,320,1992,0.0
guatemala,GTM,320,1993,0.0
guatemala,GTM,320,1994,0.0
guatemala,GTM,320,1995,0.0
guatemala,GTM,320,1996,0.0
guatemala,GTM,320,1997,0.0
guatemala,GTM,320,1998,0.0
guatemala,GTM,320,1999,0.10074070568189887
guatemala,GTM,320,2000,0.7336684021306528
guatemala,GTM,320,2001,0.768480909829407
guatemala,GTM,320,2002,0.9178981937602627
guatemala,GTM,320,2003,0.9561245436169046
guatemala,GTM,320,2004,0.934167215273206
guatemala,GTM,320,2005,0.9653982123799358
guatemala,GTM,320,2006,0.9812912881915773
guatemala,GTM,320,2007,0.9891084721064215
guatemala,GTM,320,2008,0.9933958041342267
guatemala,GTM,320,2009,0.9364007612781057
guatemala,GTM,320,2010,0.7132507636376441
guatemala,GTM,320,2011,0.6315719854651841
guatemala,GTM,320,2012,0.8553444366252247
guatemala,GTM,320,2013,0.8838193336234828
guatemala,GTM,320,2014,0.7601135343398088
guatemala,GTM,320,2015,0.8574611571500895
guatemala,GTM,320,2016,0.811910953931124
guatemala,GTM,320,2017,1.0
guyana,GUY,328,1960,0.0
guyana,GUY,328,1961,0.0
guyana,GUY,328,1962,0.0
guyana,GUY,328,1963,0.0
guyana,GUY,328,1964,0.0
guyana,GUY,328,1965,0.0
guyana,GUY,328,1966,0.0
guyana,GUY,328,1967,0.0
guyana,GUY,328,1968,0.0
guyana,GUY,328,1969,0.0
guyana,GUY,328,1970,0.0
guyana,GUY,328,1971,1.0
guyana,GUY,328,1972,1.0
guyana,GUY,328,1973,1.0
guyana,GUY,328,1974,1.0
guyana,GUY,328,1975,1.0
guyana,GUY,328,1976,1.0
guyana,GUY,328,1977,1.0
guyana,GUY,328,1978,1.0
guyana,GUY,328,1979,1.0
guyana,GUY,328,1980,1.0
guyana,GUY,328,1981,1.0
guyana,GUY,328,1982,1.0
guyana,GUY,328,1983,1.0
guyana,GUY,328,1984,0.449685534591195
guyana,GUY,328,1985,0.5884773662551441
guyana,GUY,328,1986,0.00884463137060861
guyana,GUY,328,1987,0.005642583750937143
guyana,GUY,328,1988,0.0057677570281934425
guyana,GUY,328,1989,0.0
guyana,GUY,328,1990,0.0
guyana,GUY,328,1991,0.0
guyana,GUY,328,1992,0.0
guyana,GUY,328,1993,0.0
guyana,GUY,328,1994,0.0
guyana,GUY,328,1995,0.0
guyana,GUY,328,1996,0.07517636684303353
guyana,GUY,328,1997,0.0
guyana,GUY,328,1998,0.0
guyana,GUY,328,1999,0.0
guyana,GUY,328,2000,0.06751652502360718
guyana,GUY,328,2001,0.38104189044038667
guyana,GUY,328,2002,0.44955081269148883
guyana,GUY,328,2003,0.48492406688607814
guyana,GUY,328,2004,0.3379714790463875
guyana,GUY,328,2005,0.5288802839625686
guyana,GUY,328,2006,0.4131172670535421
guyana,GUY,328,2007,0.5104801446460858
guyana,GUY,328,2008,0.6861279436844588
guyana,GUY,328,2009,0.5465155051683894
guyana,GUY,328,2010,0.5021517171546706
guyana,GUY,328,2011,0.3670492943748757
guyana,GUY,328,2012,0.28468427443837285
guyana,GUY,328,2013,0.2907064741582704
guyana,GUY,328,2014,0.2226578727230306
guyana,GUY,328,2015,0.2694688626692164
guyana,GUY,328,2016,0.21061069656472994
guyana,GUY,328,2017,1.0
haiti,HTI,332,1960,0.0
haiti,HTI,332,1961,0.0
haiti,HTI,332,1962,0.0
haiti,HTI,332,1963,0.0
haiti,HTI,332,1964,0.0
haiti,HTI,332,1965,0.0
haiti,HTI,332,1966,0.0
haiti,HTI,332,1967,0.0
haiti,HTI,332,1968,0.0
haiti,HTI,332,1969,0.0
haiti,HTI,332,1970,0.0
haiti,HTI,332,1971,0.0
haiti,HTI,332,1972,0.0
haiti,HTI,332,1973,0.0
haiti,HTI,332,1974,0.0
haiti,HTI,332,1975,0.0
haiti,HTI,332,1976,0.0
haiti,HTI,332,1977,0.0
haiti,HTI,332,1978,0.0
haiti,HTI,332,1979,0.0
haiti,HTI,332,1980,0.0
haiti,HTI,332,1981,0.0
haiti,HTI,332,1982,1.0
haiti,HTI,332,1983,1.0
haiti,HTI,332,1984,1.0
haiti,HTI,332,1985,1.0
haiti,HTI,332,1986,1.0
haiti,HTI,332,1987,1.0
haiti,HTI,332,1988,1.0
haiti,HTI,332,1989,1.0
haiti,HTI,332,1990,1.0
haiti,HTI,332,1991,1.0
haiti,HTI,332,1992,1.0
haiti,HTI,332,1993,0.0
haiti,HTI,332,1994,0.0
haiti,HTI,332,1995,0.0
haiti,HTI,332,1996,0.0
haiti,HTI,332,1997,0.0
haiti,HTI,332,1998,0.0
haiti,HTI,332,1999,0.0
haiti,HTI,332,2000,0.0
haiti,HTI,332,2001,0.0
haiti,HTI,332,2002,0.0
haiti,HTI,332,2003,0.0
haiti,HTI,332,2004,0.0
haiti,HTI,332,2005,0.0
haiti,HTI,332,2006,0.0
haiti,HTI,332,2007,0.0
haiti,HTI,332,2008,0.0
haiti,HTI,332,2009,0.0
haiti,HTI,332,2010,0.0
haiti,HTI,332,2011,0.0
haiti,HTI,332,2012,0.0
haiti,HTI,332,2013,0.0
haiti,HTI,332,2014,0.0
haiti,HTI,332,2015,0.0
haiti,HTI,332,2016,0.0
haiti,HTI,332,2017,0.0
honduras,HND,340,1960,0.0
honduras,HND,340,1961,0.0
honduras,HND,340,1962,0.0
honduras,HND,340,1963,0.0
honduras,HND,340,1964,0.0
honduras,HND,340,1965,0.0
honduras,HND,340,1966,0.0
honduras,HND,340,1967,0.0
honduras,HND,340,1968,0.0
honduras,HND,340,1969,0.0
honduras,HND,340,1970,0.0
honduras,HND,340,1971,0.0
honduras,HND,340,1972,0.0
honduras,HND,340,1973,0.0
honduras,HND,340,1974,0.0
honduras,HND,340,1975,0.0
honduras,HND,340,1976,0.0
honduras,HND,340,1977,0.0
honduras,HND,340,1978,0.0
honduras,HND,340,1979,0.10239361702127661
honduras,HND,340,1980,0.0
honduras,HND,340,1981,0.13344887348353554
honduras,HND,340,1982,0.0
honduras,HND,340,1983,0.0
honduras,HND,340,1984,0.0
honduras,HND,340,1985,0.0
honduras,HND,340,1986,0.1461100569259962
honduras,HND,340,1987,0.16142557651991615
honduras,HND,340,1988,0.25496688741721857
honduras,HND,340,1989,0.25496688741721857
honduras,HND,340,1990,0.358974358974359
honduras,HND,340,1991,0.3055555555555556
honduras,HND,340,1992,0.12530512611879577
honduras,HND,340,1993,0.0260840108401084
honduras,HND,340,1994,0.02688078198638506
honduras,HND,340,1995,0.12530512611879577
honduras,HND,340,1996,0.01749204906860518
honduras,HND,340,1997,0.010509076020199263
honduras,HND,340,1998,0.027727763773856683
honduras,HND,340,1999,0.5175413603814083
honduras,HND,340,2000,0.43090436719039965
honduras,HND,340,2001,0.3862959724635596
honduras,HND,340,2002,0.3909995108429806
honduras,HND,340,2003,0.4458906656749721
honduras,HND,340,2004,0.4159139642511197
honduras,HND,340,2005,0.8674665178571428
honduras,HND,340,2006,0.9669242167654529
honduras,HND,340,2007,0.9468794781835251
honduras,HND,340,2008,0.8835671573137075
honduras,HND,340,2009,0.9968835701819995
honduras,HND,340,2010,0.9479434362603619
honduras,HND,340,2011,0.7042670046472328
honduras,HND,340,2012,0.7376670360163272
honduras,HND,340,2013,0.6101482648567851
honduras,HND,340,2014,0.30619645570564274
honduras,HND,340,2015,0.2078566103782452
honduras,HND,340,2016,0.5700689604487941
honduras,HND,340,2017,1.0
jamaica,JAM,388,1960,0.0
jamaica,JAM,388,1961,0.0
jamaica,JAM,388,1962,0.0
jamaica,JAM,388,1963,0.0
jamaica,JAM,388,1964,0.0
jamaica,JAM,388,1965,0.0
jamaica,JAM,388,1966,0.0
jamaica,JAM,388,1967,0.0
jamaica,JAM,388,1968,0.0
jamaica,JAM,388,1969,0.0
jamaica,JAM,388,1970,0.0
jamaica,JAM,388,1971,0.0
jamaica,JAM,388,1972,0.0
jamaica,JAM,388,1973,0.0
jamaica,JAM,388,1974,0.0
jamaica,JAM,388,1975,0.0
jamaica,JAM,388,1976,0.0
jamaica,JAM,388,1977,0.0
jamaica,JAM,388,1978,0.0
jamaica,JAM,388,1979,0.0
jamaica,JAM,388,1980,0.0
jamaica,JAM,388,1981,0.0
jamaica,JAM,388,1982,0.0
jamaica,JAM,388,1983,0.0
jamaica,JAM,388,1984,0.0
jamaica,JAM,388,1985,0.0
jamaica,JAM,388,1986,0.0
jamaica,JAM,388,1987,0.0
jamaica,JAM,388,1988,1.0
jamaica,JAM,388,1989,1.0
jamaica,JAM,388,1990,1.0
jamaica,JAM,388,1991,1.0
jamaica,JAM,388,1992,1.0
jamaica,JAM,388,1993,1.0
jamaica,JAM,388,1994,1.0
jamaica,JAM,388,1995,1.0
jamaica,JAM,388,1996,1.0
jamaica,JAM,388,1997,1.0
jamaica,JAM,388,1998,1.0
jamaica,JAM,388,1999,1.0
jamaica,JAM,388,2000,1.0
jamaica,JAM,388,2001,1.0
jamaica,JAM,388,2002,1.0
jamaica,JAM,388,2003,1.0
jamaica,JAM,388,2004,1.0
jamaica,JAM,388,2005,1.0
jamaica,JAM,388,2006,1.0
jamaica,JAM,388,2007,1.0
jamaica,JAM,388,2008,1.0
jamaica,JAM,388,2009,1.0
jamaica,JAM,388,2010,1.0
jamaica,JAM,388,2011,1.0
jamaica,JAM,388,2012,1.0
jamaica,JAM,388,2013,1.0
jamaica,JAM,388,2014,1.0
jamaica,JAM,388,2015,1.0
jamaica,JAM,388,2016,1.0
jamaica,JAM,388,2017,0.19980151403249632
mexico,MEX,484,1960,0.0
mexico,MEX,484,1961,0.0
mexico,MEX,484,1962,0.0
mexico,MEX,484,1963,0.0
mexico,MEX,484,1964,0.0
mexico,MEX,484,1965,0.0
mexico,MEX,484,1966,0.0
mexico,MEX,484,1967,0.0
mexico,MEX,484,1968,0.0
mexico,MEX,484,1969,0.0
mexico,MEX,484,1970,0.0
mexico,MEX,484,1971,0.7793538219070134
mexico,MEX,484,1972,0.7995536158537452
mexico,MEX,484,1973,0.6872173031058966
mexico,MEX,484,1974,0.738617339067065
mexico,MEX,484,1975,0.7789134579257178
mexico,MEX,484,1976,0.5439986971391347
mexico,MEX,484,1977,0.9583297534152418
mexico,MEX,484,1978,0.9552576834550294
mexico,MEX,484,1979,0.9698056039402814
mexico,MEX,484,1980,0.7281034697663278
mexico,MEX,484,1981,0.8125240699376106
mexico,MEX,484,1982,0.8753308970805843
mexico,MEX,484,1983,0.7594861759969963
mexico,MEX,484,1984,0.7304067876186324
mexico,MEX,484,1985,0.8078245008200138
mexico,MEX,484,1986,0.7459968279180694
mexico,MEX,484,1987,0.47522981537376713
mexico,MEX,484,1988,0.4804313916474333
mexico,MEX,484,1989,0.17604203478821442
mexico,MEX,484,1990,0.21476551665362476
mexico,MEX,484,1991,0.027024464325546435
mexico,MEX,484,1992,0.1166763004343556
mexico,MEX,484,1993,0.2317174354783665
mexico,MEX,484,1994,0.20650710056265803
mexico,MEX,484,1995,0.22357640512958007
mexico,MEX,484,1996,0.3421192898999988
mexico,MEX,484,1997,0.343918059627613
mexico,MEX,484,1998,0.2996144253366414
mexico,MEX,484,1999,0.372948110390826
mexico,MEX,484,2000,0.2981272796939973
mexico,MEX,484,2001,0.2971899705306136
mexico,MEX,484,2002,0.2581158775016879
mexico,MEX,484,2003,0.24567160330460439
mexico,MEX,484,2004,0.14831813225365667
mexico,MEX,484,2005,0.26217253355974424
mexico,MEX,484,2006,0.24338905599676278
mexico,MEX,484,2007,0.1771619507191378
mexico,MEX,484,2008,0.1398558681293769
mexico,MEX,484,2009,0.16357352514554666
mexico,MEX,484,2010,0.18706152047654617
mexico,MEX,484,2011,0.158255007651144
mexico,MEX,484,2012,0.11588361097575642
mexico,MEX,484,2013,0.11261193333049443
mexico,MEX,484,2014,0.10654246426081615
mexico,MEX,484,2015,0.08897903994122987
mexico,MEX,484,2016,0.08106346188107133
mexico,MEX,484,2017,0.0820228089501903
nicaragua,NIC,558,1960,0.0
nicaragua,NIC,558,1961,0.0
nicaragua,NIC,558,1962,0.0
nicaragua,NIC,558,1963,0.0
nicaragua,NIC,558,1964,0.0
nicaragua,NIC,558,1965,0.0
nicaragua,NIC,558,1966,0.0
nicaragua,NIC,558,1967,0.0
nicaragua,NIC,558,1968,0.0
nicaragua,NIC,558,1969,0.0
nicaragua,NIC,558,1970,0.0
nicaragua,NIC,558,1971,0.0
nicaragua,NIC,558,1972,0.0
nicaragua,NIC,558,1973,0.0
nicaragua,NIC,558,1974,0.0
nicaragua,NIC,558,1975,0.0
nicaragua,NIC,558,1976,0.0
nicaragua,NIC,558,1977,0.0
nicaragua,NIC,558,1978,0.0
nicaragua,NIC,558,1979,0.0
nicaragua,NIC,558,1980,0.0
nicaragua,NIC,558,1981,0.0
nicaragua,NIC,558,1982,0.0
nicaragua,NIC,558,1983,0.0
nicaragua,NIC,558,1984,0.0
nicaragua,NIC,558,1985,0.0
nicaragua,NIC,558,1986,0.0
nicaragua,NIC,558,1987,0.0
nicaragua,NIC,558,1988,0.0
nicaragua,NIC,558,1989,0.0
nicaragua,NIC,558,1990,0.0
nicaragua,NIC,558,1991,0.0
nicaragua,NIC,558,1992,0.0
nicaragua,NIC,558,1993,0.0
nicaragua,NIC,558,1994,0.0
nicaragua,NIC,558,1995,0.0
nicaragua,NIC,558,1996,0.0
nicaragua,NIC,558,1997,0.0
nicaragua,NIC,558,1998,0.0
nicaragua,NIC,558,1999,0.0
nicaragua,NIC,558,2000,0.0
nicaragua,NIC,558,2001,0.0
nicaragua,NIC,558,2002,0.0
nicaragua,NIC,558,2003,0.0
nicaragua,NIC,558,2004,0.0
nicaragua,NIC,558,2005,0.0
nicaragua,NIC,558,2006,0.0
nicaragua,NIC,558,2007,0.0
nicaragua,NIC,558,2008,0.0
nicaragua,NIC,558,2009,0.0
nicaragua,NIC,558,2010,0.0
nicaragua,NIC,558,2011,0.0
nicaragua,NIC,558,2012,0.0
nicaragua,NIC,558,2013,0.0
nicaragua,NIC,558,2014,0.0
nicaragua,NIC,558,2015,0.0
nicaragua,NIC,558,2016,0.0
nicaragua,NIC,558,2017,0.0
panama,PAN,591,1960,0.0
panama,PAN,591,1961,0.0
panama,PAN,591,1962,0.0
panama,PAN,591,1963,0.0
panama,PAN,591,1964,0.0
panama,PAN,591,1965,0.0
panama,PAN,591,1966,0.0
panama,PAN,591,1967,0.0
panama,PAN,591,1968,0.0
panama,PAN,591,1969,0.0
panama,PAN,591,1970,0.0
panama,PAN,591,1971,0.34640522875817
panama,PAN,591,1972,0.3975903614457831
panama,PAN,591,1973,0.5252722703155543
panama,PAN,591,1974,0.32252332296756997
panama,PAN,591,1975,0.050298979950756245
panama,PAN,591,1976,0.0
panama,PAN,591,1977,0.0
panama,PAN,591,1978,0.0
panama,PAN,591,1979,0.0
panama,PAN,591,1980,0.0
panama,PAN,591,1981,0.0
panama,PAN,591,1982,0.0
panama,PAN,591,1983,0.0
panama,PAN,591,1984,0.0
panama,PAN,591,1985,0.72831555644999
panama,PAN,591,1986,0.33538748163806387
panama,PAN,591,1987,0.18368948803987362
panama,PAN,591,1988,0.10858330371059036
panama,PAN,591,1989,0.12799706984475812
panama,PAN,591,1990,0.2980384438758774
panama,PAN,591,1991,0.26320882133569856
panama,PAN,591,1992,0.2388430414229629
panama,PAN,591,1993,0.34096328087744393
panama,PAN,591,1994,0.36984662707737004
panama,PAN,591,1995,0.28904449724013503
panama,PAN,591,1996,0.5172669884886744
panama,PAN,591,1997,0.24710984865838947
panama,PAN,591,1998,0.34848674076849423
panama,PAN,591,1999,0.677650429799427
panama,PAN,591,2000,0.412020905923345
panama,PAN,591,2001,0.6975609756097562
panama,PAN,591,2002,0.6696554978763568
panama,PAN,591,2003,0.0
panama,PAN,591,2004,0.0
panama,PAN,591,2005,0.0
panama,PAN,591,2006,0.0
panama,PAN,591,2007,0.0
panama,PAN,591,2008,0.0
panama,PAN,591,2009,0.0
panama,PAN,591,2010,0.0
panama,PAN,591,2011,0.8326376054900034
panama,PAN,591,2012,0.9626750977034206
panama,PAN,591,2013,0.8730093032443771
panama,PAN,591,2014,0.7335020514590284
panama,PAN,591,2015,0.969271379060208
panama,PAN,591,2016,0.9403578528827037
panama,PAN,591,2017,1.0
paraguay,PRY,600,1960,0.0
paraguay,PRY,600,1961,0.0
paraguay,PRY,600,1962,0.0
paraguay,PRY,600,1963,0.0
paraguay,PRY,600,1964,0.0
paraguay,PRY,600,1965,0.0
paraguay,PRY,600,1966,0.0
paraguay,PRY,600,1967,0.0
paraguay,PRY,600,1968,0.0
paraguay,PRY,600,1969,0.0
paraguay,PRY,600,1970,0.0
paraguay,PRY,600,1971,0.0
paraguay,PRY,600,1972,0.0
paraguay,PRY,600,1973,0.0
paraguay,PRY,600,1974,0.0
paraguay,PRY,600,1975,0.0
paraguay,PRY,600,1976,0.0
paraguay,PRY,600,1977,0.0
paraguay,PRY,600,1978,0.0
paraguay,PRY,600,1979,0.0
paraguay,PRY,600,1980,0.0
paraguay,PRY,600,1981,0.0
paraguay,PRY,600,1982,0.0
paraguay,PRY,600,1983,0.0
paraguay,PRY,600,1984,0.0
paraguay,PRY,600,1985,0.0
paraguay,PRY,600,1986,0.0
paraguay,PRY,600,1987,0.0
paraguay,PRY,600,1988,0.0
paraguay,PRY,600,1989,0.0
paraguay,PRY,600,1990,0.0
paraguay,PRY,600,1991,0.0
paraguay,PRY,600,1992,0.0
paraguay,PRY,600,1993,0.0
paraguay,PRY,600,1994,0.0
paraguay,PRY,600,1995,0.0
paraguay,PRY,600,1996,0.0
paraguay,PRY,600,1997,0.0
paraguay,PRY,600,1998,0.0
paraguay,PRY,600,1999,0.0
paraguay,PRY,600,2000,0.0
paraguay,PRY,600,2001,0.0
paraguay,PRY,600,2002,0.0
paraguay,PRY,600,2003,0.0
paraguay,PRY,600,2004,0.0
paraguay,PRY,600,2005,0.0
paraguay,PRY,600,2006,0.0
paraguay,PRY,600,2007,0.0
paraguay,PRY,600,2008,0.0
paraguay,PRY,600,2009,0.0
paraguay,PRY,600,2010,0.0
paraguay,PRY,600,2011,0.0
paraguay,PRY,600,2012,0.0
paraguay,PRY,600,2013,0.0
paraguay,PRY,600,2014,0.0
paraguay,PRY,600,2015,0.0
paraguay,PRY,600,2016,0.0
paraguay,PRY,600,2017,0.0
peru,PER,604,1960,0.0
peru,PER,604,1961,0.0
peru,PER,604,1962,0.0
peru,PER,604,1963,0.0
peru,PER,604,1964,0.0
peru,PER,604,1965,0.0
peru,PER,604,1966,0.0
peru,PER,604,1967,0.0
peru,PER,604,1968,0.0
peru,PER,604,1969,0.0
peru,PER,604,1970,0.0
peru,PER,604,1971,1.0
peru,PER,604,1972,1.0
peru,PER,604,1973,1.0
peru,PER,604,1974,1.0
peru,PER,604,1975,1.0
peru,PER,604,1976,1.0
peru,PER,604,1977,1.0
peru,PER,604,1978,1.0
peru,PER,604,1979,1.0
peru,PER,604,1980,1.0
peru,PER,604,1981,1.0
peru,PER,604,1982,1.0
peru,PER,604,1983,1.0
peru,PER,604,1984,1.0
peru,PER,604,1985,1.0
peru,PER,604,1986,1.0
peru,PER,604,1987,1.0
peru,PER,604,1988,1.0
peru,PER,604,1989,1.0
peru,PER,604,1990,1.0
peru,PER,604,1991,1.0
peru,PER,604,1992,1.0
peru,PER,604,1993,1.0
peru,PER,604,1994,1.0
peru,PER,604,1995,1.0
peru,PER,604,1996,1.0
peru,PER,604,1997,1.0
peru,PER,604,1998,0.9989790761660227
peru,PER,604,1999,1.0
peru,PER,604,2000,1.0
peru,PER,604,2001,1.0
peru,PER,604,2002,1.0
peru,PER,604,2003,1.0
peru,PER,604,2004,1.0
peru,PER,604,2005,1.0
peru,PER,604,2006,1.0
peru,PER,604,2007,1.0
peru,PER,604,2008,1.0
peru,PER,604,2009,1.0
peru,PER,604,2010,1.0
peru,PER,604,2011,0.9946426658094931
peru,PER,604,2012,0.995729699465738
peru,PER,604,2013,1.0
peru,PER,604,2014,1.0
peru,PER,604,2015,1.0
peru,PER,604,2016,0.9833701015476332
peru,PER,604,2017,1.0
suriname,SUR,740,1960,0.0
suriname,SUR,740,1961,0.0
suriname,SUR,740,1962,0.0
suriname,SUR,740,1963,0.0
suriname,SUR,740,1964,0.0
suriname,SUR,740,1965,0.0
suriname,SUR,740,1966,0.0
suriname,SUR,740,1967,0.0
suriname,SUR,740,1968,0.0
suriname,SUR,740,1969,0.0
suriname,SUR,740,1970,0.0
suriname,SUR,740,1971,0.0
suriname,SUR,740,1972,0.0
suriname,SUR,740,1973,0.0
suriname,SUR,740,1974,0.0
suriname,SUR,740,1975,0.0
suriname,SUR,740,1976,0.0
suriname,SUR,740,1977,0.0
suriname,SUR,740,1978,0.0
suriname,SUR,740,1979,0.0
suriname,SUR,740,1980,0.0
suriname,SUR,740,1981,0.0
suriname,SUR,740,1982,0.0
suriname,SUR,740,1983,0.0
suriname,SUR,740,1984,0.0
suriname,SUR,740,1985,0.0
suriname,SUR,740,1986,0.0
suriname,SUR,740,1987,0.0
suriname,SUR,740,1988,0.0
suriname,SUR,740,1989,0.0
suriname,SUR,740,1990,0.0
suriname,SUR,740,1991,0.0
suriname,SUR,740,1992,0.0
suriname,SUR,740,1993,0.0
suriname,SUR,740,1994,0.0
suriname,SUR,740,1995,0.0
suriname,SUR,740,1996,0.0
suriname,SUR,740,1997,0.0
suriname,SUR,740,1998,0.0
suriname,SUR,740,1999,0.0
suriname,SUR,740,2000,0.0
suriname,SUR,740,2001,0.0
suriname,SUR,740,2002,0.0
suriname,SUR,740,2003,0.0
suriname,SUR,740,2004,0.0
suriname,SUR,740,2005,0.0
suriname,SUR,740,2006,0.0
suriname,SUR,740,2007,0.0
suriname,SUR,740,2008,0.0
suriname,SUR,740,2009,0.0
suriname,SUR,740,2010,0.0
suriname,SUR,740,2011,0.0
suriname,SUR,740,2012,0.0
suriname,SUR,740,2013,0.0
suriname,SUR,740,2014,0.0
suriname,SUR,740,2015,0.0
suriname,SUR,740,2016,0.0
suriname,SUR,740,2017,0.0
trinidad_and_tobago,TTO,780,1960,0.0
trinidad_and_tobago,TTO,780,1961,0.0
trinidad_and_tobago,TTO,780,1962,0.0
trinidad_and_tobago,TTO,780,1963,0.0
trinidad_and_tobago,TTO,780,1964,0.0
trinidad_and_tobago,TTO,780,1965,0.0
trinidad_and_tobago,TTO,780,1966,0.0
trinidad_and_tobago,TTO,780,1967,0.0
trinidad_and_tobago,TTO,780,1968,0.0
trinidad_and_tobago,TTO,780,1969,0.0
trinidad_and_tobago,TTO,780,1970,0.0
trinidad_and_tobago,TTO,780,1971,0.0
trinidad_and_tobago,TTO,780,1972,0.0
trinidad_and_tobago,TTO,780,1973,0.0
trinidad_and_tobago,TTO,780,1974,0.0
trinidad_and_tobago,TTO,780,1975,0.0
trinidad_and_tobago,TTO,780,1976,0.0
trinidad_and_tobago,TTO,780,1977,0.0
trinidad_and_tobago,TTO,780,1978,0.0
trinidad_and_tobago,TTO,780,1979,0.0
trinidad_and_tobago,TTO,780,1980,0.0
trinidad_and_tobago,TTO,780,1981,0.0
trinidad_and_tobago,TTO,780,1982,0.0
trinidad_and_tobago,TTO,780,1983,0.0
trinidad_and_tobago,TTO,780,1984,0.0
trinidad_and_tobago,TTO,780,1985,0.0
trinidad_and_tobago,TTO,780,1986,0.0
trinidad_and_tobago,TTO,780,1987,0.0
trinidad_and_tobago,TTO,780,1988,0.0
trinidad_and_tobago,TTO,780,1989,0.0
trinidad_and_tobago,TTO,780,1990,0.0
trinidad_and_tobago,TTO,780,1991,0.0
trinidad_and_tobago,TTO,780,1992,0.0
trinidad_and_tobago,TTO,780,1993,0.0
trinidad_and_tobago,TTO,780,1994,0.0
trinidad_and_tobago,TTO,780,1995,0.0
trinidad_and_tobago,TTO,780,1996,0.0
trinidad_and_tobago,TTO,780,1997,0.0
trinidad_and_tobago,TTO,780,1998,0.0
trinidad_and_tobago,TTO,780,1999,0.0
trinidad_and_tobago,TTO,780,2000,0.0
trinidad_and_tobago,TTO,780,2001,0.0
trinidad_and_tobago,TTO,780,2002,0.0
trinidad_and_tobago,TTO,780,2003,0.0
trinidad_and_tobago,TTO,780,2004,0.0
trinidad_and_tobago,TTO,780,2005,0.0
trinidad_and_tobago,TTO,780,2006,0.0
trinidad_and_tobago,TTO,780,2007,0.0
trinidad_and_tobago,TTO,780,2008,0.0
trinidad_and_tobago,TTO,780,2009,0.0
trinidad_and_tobago,TTO,780,2010,0.0
trinidad_and_tobago,TTO,780,2011,0.0
trinidad_and_tobago,TTO,780,2012,0.0
trinidad_and_tobago,TTO,780,2013,0.0
trinidad_and_tobago,TTO,780,2014,0.0
trinidad_and_tobago,TTO,780,2015,0.0
trinidad_and_tobago,TTO,780,2016,0.0
trinidad_and_tobago,TTO,780,2017,0.0
uruguay,URY,858,1960,0.0
uruguay,URY,858,1961,0.0
uruguay,URY,858,1962,0.0
uruguay,URY,858,1963,0.0
uruguay,URY,858,1964,0.0
uruguay,URY,858,1965,0.0
uruguay,URY,858,1966,0.0
uruguay,URY,858,1967,0.0
uruguay,URY,858,1968,0.0
uruguay,URY,858,1969,0.0
uruguay,URY,858,1970,0.0
uruguay,URY,858,1971,0.6304335073619991
uruguay,URY,858,1972,0.6558921419303887
uruguay,URY,858,1973,0.6948534038001761
uruguay,URY,858,1974,0.7588747488278634
uruguay,URY,858,1975,0.7522613354842426
uruguay,URY,858,1976,0.7213328590062849
uruguay,URY,858,1977,0.49444388827710484
uruguay,URY,858,1978,0.14473684210526316
uruguay,URY,858,1979,0.14679501203237802
uruguay,URY,858,1980,0.19108871502453256
uruguay,URY,858,1981,0.1814632917768543
uruguay,URY,858,1982,0.19746568109820486
uruguay,URY,858,1983,0.1751990898748578
uruguay,URY,858,1984,0.222704266088214
uruguay,URY,858,1985,1.0
uruguay,URY,858,1986,1.0
uruguay,URY,858,1987,1.0
uruguay,URY,858,1988,0.0
uruguay,URY,858,1989,0.0
uruguay,URY,858,1990,0.03014969428631668
uruguay,URY,858,1991,0.0
uruguay,URY,858,1992,0.0
uruguay,URY,858,1993,0.10239361702127661
uruguay,URY,858,1994,0.0
uruguay,URY,858,1995,0.0
uruguay,URY,858,1996,0.0051313334290225355
uruguay,URY,858,1997,0.005826508576783605
uruguay,URY,858,1998,0.01790409415299862
uruguay,URY,858,1999,0.001992059622483806
uruguay,URY,858,2000,0.0010822797503945024
uruguay,URY,858,2001,0.0129218921652871
uruguay,URY,858,2002,0.005080787949807974
uruguay,URY,858,2003,0.004842397883692777
uruguay,URY,858,2004,0.0011888440792963007
uruguay,URY,858,2005,0.0016563077720987429
uruguay,URY,858,2006,0.0014814029222356055
uruguay,URY,858,2007,0.00538809720345056
uruguay,URY,858,2008,0.0023686231963576205
uruguay,URY,858,2009,0.0027086967714700996
uruguay,URY,858,2010,0.009184872927728911
uruguay,URY,858,2011,0.003985076862518332
uruguay,URY,858,2012,0.004785189077113858
uruguay,URY,858,2013,0.02765336880514504
uruguay,URY,858,2014,0.02253558600505521
uruguay,URY,858,2015,0.0291379487707026
uruguay,URY,858,2016,0.029553572358350082
uruguay,URY,858,2017,0.025868170506175937
venezuela,VEN,862,1960,0.0
venezuela,VEN,862,1961,0.0
venezuela,VEN,862,1962,0.0
venezuela,VEN,862,1963,0.0
venezuela,VEN,862,1964,0.0
venezuela,VEN,862,1965,0.0
venezuela,VEN,862,1966,0.0
venezuela,VEN,862,1967,0.0
venezuela,VEN,862,1968,0.0
venezuela,VEN,862,1969,0.0
venezuela,VEN,862,1970,0.0
venezuela,VEN,862,1971,1.0
venezuela,VEN,862,1972,1.0
venezuela,VEN,862,1973,1.0
venezuela,VEN,862,1974,1.0
venezuela,VEN,862,1975,1.0
venezuela,VEN,862,1976,1.0
venezuela,VEN,862,1977,1.0
venezuela,VEN,862,1978,1.0
venezuela,VEN,862,1979,1.0
venezuela,VEN,862,1980,1.0
venezuela,VEN,862,1981,1.0
venezuela,VEN,862,1982,1.0
venezuela,VEN,862,1983,1.0
venezuela,VEN,862,1984,0.449685534591195
venezuela,VEN,862,1985,0.5884773662551441
venezuela,VEN,862,1986,0.00884463137060861
venezuela,VEN,862,1987,0.005642583750937143
venezuela,VEN,862,1988,0.0057677570281934425
venezuela,VEN,862,1989,0.0
venezuela,VEN,862,1990,0.0
venezuela,VEN,862,1991,0.0
venezuela,VEN,862,1992,0.0
venezuela,VEN,862,1993,0.0
venezuela,VEN,862,1994,0.0
venezuela,VEN,862,1995,0.0
venezuela,VEN,862,1996,0.07517636684303353
venezuela,VEN,862,1997,0.0
venezuela,VEN,862,1998,0.0
venezuela,VEN,862,1999,0.0
venezuela,VEN,862,2000,0.06751652502360718
venezuela,VEN,862,2001,0.38104189044038667
venezuela,VEN,862,2002,0.44955081269148883
venezuela,VEN,862,2003,0.48492406688607814
venezuela,VEN,862,2004,0.3379714790463875
venezuela,VEN,862,2005,0.5288802839625686
venezuela,VEN,862,2006,0.4131172670535421
venezuela,VEN,862,2007,0.5104801446460858
venezuela,VEN,862,2008,0.6861279436844588
venezuela,VEN,862,2009,0.5465155051683894
venezuela,VEN,862,2010,0.5021517171546706
venezuela,VEN,862,2011,0.3670492943748757
venezuela,VEN,862,2012,0.28468427443837285
venezuela,VEN,862,2013,0.2907064741582704
venezuela,VEN,862,2014,0.2226578727230306
venezuela,VEN,862,2015,0.2694688626692164
venezuela,VEN,862,2016,0.21061069656472994
venezuela,VEN,862,2017,1.0
