Year,Nation,Production Quantity,Unit,Item
1961,Belize,,tonnes,"Coffee, green"
1962,Belize,,tonnes,"Coffee, green"
1963,Belize,,tonnes,"Coffee, green"
1964,Belize,,tonnes,"Coffee, green"
1965,Belize,,tonnes,"Coffee, green"
1966,Belize,,tonnes,"Coffee, green"
1967,Belize,,tonnes,"Coffee, green"
1968,Belize,,tonnes,"Coffee, green"
1969,Belize,,tonnes,"Coffee, green"
1970,Belize,,tonnes,"Coffee, green"
1971,Belize,,tonnes,"Coffee, green"
1972,Belize,,tonnes,"Coffee, green"
1973,Belize,,tonnes,"Coffee, green"
1974,Belize,,tonnes,"Coffee, green"
1975,Belize,,tonnes,"Coffee, green"
1976,Belize,,tonnes,"Coffee, green"
1977,Belize,,tonnes,"Coffee, green"
1978,Belize,,tonnes,"Coffee, green"
1979,Belize,,tonnes,"Coffee, green"
1980,Belize,,tonnes,"Coffee, green"
1981,Belize,,tonnes,"Coffee, green"
1982,Belize,,tonnes,"Coffee, green"
1983,Belize,,tonnes,"Coffee, green"
1984,Belize,,tonnes,"Coffee, green"
1985,Belize,,tonnes,"Coffee, green"
1986,Belize,,tonnes,"Coffee, green"
1987,Belize,,tonnes,"Coffee, green"
1988,Belize,,tonnes,"Coffee, green"
1989,Belize,,tonnes,"Coffee, green"
1990,Belize,,tonnes,"Coffee, green"
1991,Belize,,tonnes,"Coffee, green"
1992,Belize,,tonnes,"Coffee, green"
1993,Belize,,tonnes,"Coffee, green"
1994,Belize,,tonnes,"Coffee, green"
1995,Belize,,tonnes,"Coffee, green"
1996,Belize,,tonnes,"Coffee, green"
1997,Belize,,tonnes,"Coffee, green"
1998,Belize,93,tonnes,"Coffee, green"
1999,Belize,70,tonnes,"Coffee, green"
2000,Belize,165,tonnes,"Coffee, green"
2001,Belize,229,tonnes,"Coffee, green"
2002,Belize,227,tonnes,"Coffee, green"
2003,Belize,229,tonnes,"Coffee, green"
2004,Belize,231,tonnes,"Coffee, green"
2005,Belize,54,tonnes,"Coffee, green"
2006,Belize,95,tonnes,"Coffee, green"
2007,Belize,45,tonnes,"Coffee, green"
2008,Belize,90,tonnes,"Coffee, green"
2009,Belize,105,tonnes,"Coffee, green"
2010,Belize,90,tonnes,"Coffee, green"
2011,Belize,91,tonnes,"Coffee, green"
2012,Belize,89,tonnes,"Coffee, green"
2013,Belize,87,tonnes,"Coffee, green"
2014,Belize,88,tonnes,"Coffee, green"
2015,Belize,91,tonnes,"Coffee, green"
2016,Belize,92,tonnes,"Coffee, green"
2017,Belize,90,tonnes,"Coffee, green"
2018,Belize,89,tonnes,"Coffee, green"
2019,Belize,88,tonnes,"Coffee, green"
1961,Bolivia (Plurinational State of),4400,tonnes,"Coffee, green"
1962,Bolivia (Plurinational State of),4400,tonnes,"Coffee, green"
1963,Bolivia (Plurinational State of),4400,tonnes,"Coffee, green"
1964,Bolivia (Plurinational State of),7400,tonnes,"Coffee, green"
1965,Bolivia (Plurinational State of),4700,tonnes,"Coffee, green"
1966,Bolivia (Plurinational State of),7700,tonnes,"Coffee, green"
1967,Bolivia (Plurinational State of),8200,tonnes,"Coffee, green"
1968,Bolivia (Plurinational State of),9500,tonnes,"Coffee, green"
1969,Bolivia (Plurinational State of),10100,tonnes,"Coffee, green"
1970,Bolivia (Plurinational State of),11200,tonnes,"Coffee, green"
1971,Bolivia (Plurinational State of),12400,tonnes,"Coffee, green"
1972,Bolivia (Plurinational State of),13000,tonnes,"Coffee, green"
1973,Bolivia (Plurinational State of),13400,tonnes,"Coffee, green"
1974,Bolivia (Plurinational State of),13870,tonnes,"Coffee, green"
1975,Bolivia (Plurinational State of),14900,tonnes,"Coffee, green"
1976,Bolivia (Plurinational State of),14664,tonnes,"Coffee, green"
1977,Bolivia (Plurinational State of),13372,tonnes,"Coffee, green"
1978,Bolivia (Plurinational State of),13424,tonnes,"Coffee, green"
1979,Bolivia (Plurinational State of),15700,tonnes,"Coffee, green"
1980,Bolivia (Plurinational State of),20540,tonnes,"Coffee, green"
1981,Bolivia (Plurinational State of),21325,tonnes,"Coffee, green"
1982,Bolivia (Plurinational State of),21179,tonnes,"Coffee, green"
1983,Bolivia (Plurinational State of),21141,tonnes,"Coffee, green"
1984,Bolivia (Plurinational State of),21566,tonnes,"Coffee, green"
1985,Bolivia (Plurinational State of),23361,tonnes,"Coffee, green"
1986,Bolivia (Plurinational State of),24153,tonnes,"Coffee, green"
1987,Bolivia (Plurinational State of),25200,tonnes,"Coffee, green"
1988,Bolivia (Plurinational State of),25450,tonnes,"Coffee, green"
1989,Bolivia (Plurinational State of),26740,tonnes,"Coffee, green"
1990,Bolivia (Plurinational State of),24378,tonnes,"Coffee, green"
1991,Bolivia (Plurinational State of),14071,tonnes,"Coffee, green"
1992,Bolivia (Plurinational State of),15179,tonnes,"Coffee, green"
1993,Bolivia (Plurinational State of),13153,tonnes,"Coffee, green"
1994,Bolivia (Plurinational State of),19216,tonnes,"Coffee, green"
1995,Bolivia (Plurinational State of),20323,tonnes,"Coffee, green"
1996,Bolivia (Plurinational State of),22015,tonnes,"Coffee, green"
1997,Bolivia (Plurinational State of),22608,tonnes,"Coffee, green"
1998,Bolivia (Plurinational State of),22532,tonnes,"Coffee, green"
1999,Bolivia (Plurinational State of),26931,tonnes,"Coffee, green"
2000,Bolivia (Plurinational State of),27696,tonnes,"Coffee, green"
2001,Bolivia (Plurinational State of),24086,tonnes,"Coffee, green"
2002,Bolivia (Plurinational State of),24513,tonnes,"Coffee, green"
2003,Bolivia (Plurinational State of),24700,tonnes,"Coffee, green"
2004,Bolivia (Plurinational State of),24546,tonnes,"Coffee, green"
2005,Bolivia (Plurinational State of),24976,tonnes,"Coffee, green"
2006,Bolivia (Plurinational State of),25272,tonnes,"Coffee, green"
2007,Bolivia (Plurinational State of),27012,tonnes,"Coffee, green"
2008,Bolivia (Plurinational State of),27305,tonnes,"Coffee, green"
2009,Bolivia (Plurinational State of),28270,tonnes,"Coffee, green"
2010,Bolivia (Plurinational State of),27327,tonnes,"Coffee, green"
2011,Bolivia (Plurinational State of),27596,tonnes,"Coffee, green"
2012,Bolivia (Plurinational State of),28137,tonnes,"Coffee, green"
2013,Bolivia (Plurinational State of),29455,tonnes,"Coffee, green"
2014,Bolivia (Plurinational State of),20496,tonnes,"Coffee, green"
2015,Bolivia (Plurinational State of),20954,tonnes,"Coffee, green"
2016,Bolivia (Plurinational State of),21427,tonnes,"Coffee, green"
2017,Bolivia (Plurinational State of),21181,tonnes,"Coffee, green"
2018,Bolivia (Plurinational State of),22121,tonnes,"Coffee, green"
2019,Bolivia (Plurinational State of),24841,tonnes,"Coffee, green"
1961,Brazil,2228704,tonnes,"Coffee, green"
1962,Brazil,2190303,tonnes,"Coffee, green"
1963,Brazil,1650527,tonnes,"Coffee, green"
1964,Brazil,1042013,tonnes,"Coffee, green"
1965,Brazil,2294047,tonnes,"Coffee, green"
1966,Brazil,1202868,tonnes,"Coffee, green"
1967,Brazil,1507500,tonnes,"Coffee, green"
1968,Brazil,1057700,tonnes,"Coffee, green"
1969,Brazil,1283500,tonnes,"Coffee, green"
1970,Brazil,754800,tonnes,"Coffee, green"
1971,Brazil,1551462,tonnes,"Coffee, green"
1972,Brazil,1495705,tonnes,"Coffee, green"
1973,Brazil,872897,tonnes,"Coffee, green"
1974,Brazil,1615309,tonnes,"Coffee, green"
1975,Brazil,1272298,tonnes,"Coffee, green"
1976,Brazil,375985,tonnes,"Coffee, green"
1977,Brazil,975385,tonnes,"Coffee, green"
1978,Brazil,1267661,tonnes,"Coffee, green"
1979,Brazil,1332772,tonnes,"Coffee, green"
1980,Brazil,1061195,tonnes,"Coffee, green"
1981,Brazil,2032210,tonnes,"Coffee, green"
1982,Brazil,957931,tonnes,"Coffee, green"
1983,Brazil,1671588,tonnes,"Coffee, green"
1984,Brazil,1420281,tonnes,"Coffee, green"
1985,Brazil,1910646,tonnes,"Coffee, green"
1986,Brazil,1041406,tonnes,"Coffee, green"
1987,Brazil,2202708,tonnes,"Coffee, green"
1988,Brazil,1348014,tonnes,"Coffee, green"
1989,Brazil,1532335,tonnes,"Coffee, green"
1990,Brazil,1464856,tonnes,"Coffee, green"
1991,Brazil,1520382,tonnes,"Coffee, green"
1992,Brazil,1294373,tonnes,"Coffee, green"
1993,Brazil,1278759,tonnes,"Coffee, green"
1994,Brazil,1307289,tonnes,"Coffee, green"
1995,Brazil,930135,tonnes,"Coffee, green"
1996,Brazil,1369196,tonnes,"Coffee, green"
1997,Brazil,1228513,tonnes,"Coffee, green"
1998,Brazil,1689366,tonnes,"Coffee, green"
1999,Brazil,1631852,tonnes,"Coffee, green"
2000,Brazil,1903562,tonnes,"Coffee, green"
2001,Brazil,1819569,tonnes,"Coffee, green"
2002,Brazil,2610524,tonnes,"Coffee, green"
2003,Brazil,1987074,tonnes,"Coffee, green"
2004,Brazil,2465710,tonnes,"Coffee, green"
2005,Brazil,2140169,tonnes,"Coffee, green"
2006,Brazil,2573368,tonnes,"Coffee, green"
2007,Brazil,2249011,tonnes,"Coffee, green"
2008,Brazil,2796927,tonnes,"Coffee, green"
2009,Brazil,2440056,tonnes,"Coffee, green"
2010,Brazil,2907265,tonnes,"Coffee, green"
2011,Brazil,2700540,tonnes,"Coffee, green"
2012,Brazil,3037534,tonnes,"Coffee, green"
2013,Brazil,2964538,tonnes,"Coffee, green"
2014,Brazil,2804070,tonnes,"Coffee, green"
2015,Brazil,2647504,tonnes,"Coffee, green"
2016,Brazil,3024466,tonnes,"Coffee, green"
2017,Brazil,2684508,tonnes,"Coffee, green"
2018,Brazil,3552729,tonnes,"Coffee, green"
2019,Brazil,3009402,tonnes,"Coffee, green"
1961,Colombia,450000,tonnes,"Coffee, green"
1962,Colombia,482100,tonnes,"Coffee, green"
1963,Colombia,450000,tonnes,"Coffee, green"
1964,Colombia,468000,tonnes,"Coffee, green"
1965,Colombia,492000,tonnes,"Coffee, green"
1966,Colombia,492000,tonnes,"Coffee, green"
1967,Colombia,456000,tonnes,"Coffee, green"
1968,Colombia,480000,tonnes,"Coffee, green"
1969,Colombia,474000,tonnes,"Coffee, green"
1970,Colombia,507000,tonnes,"Coffee, green"
1971,Colombia,468000,tonnes,"Coffee, green"
1972,Colombia,432000,tonnes,"Coffee, green"
1973,Colombia,528000,tonnes,"Coffee, green"
1974,Colombia,470000,tonnes,"Coffee, green"
1975,Colombia,513200,tonnes,"Coffee, green"
1976,Colombia,483000,tonnes,"Coffee, green"
1977,Colombia,639420,tonnes,"Coffee, green"
1978,Colombia,683220,tonnes,"Coffee, green"
1979,Colombia,713340,tonnes,"Coffee, green"
1980,Colombia,724380,tonnes,"Coffee, green"
1981,Colombia,782200,tonnes,"Coffee, green"
1982,Colombia,773600,tonnes,"Coffee, green"
1983,Colombia,768600,tonnes,"Coffee, green"
1984,Colombia,807800,tonnes,"Coffee, green"
1985,Colombia,643100,tonnes,"Coffee, green"
1986,Colombia,713500,tonnes,"Coffee, green"
1987,Colombia,651600,tonnes,"Coffee, green"
1988,Colombia,708700,tonnes,"Coffee, green"
1989,Colombia,664000,tonnes,"Coffee, green"
1990,Colombia,845000,tonnes,"Coffee, green"
1991,Colombia,970740,tonnes,"Coffee, green"
1992,Colombia,1100000,tonnes,"Coffee, green"
1993,Colombia,818220,tonnes,"Coffee, green"
1994,Colombia,721860,tonnes,"Coffee, green"
1995,Colombia,821820,tonnes,"Coffee, green"
1996,Colombia,671401,tonnes,"Coffee, green"
1997,Colombia,642239,tonnes,"Coffee, green"
1998,Colombia,766980,tonnes,"Coffee, green"
1999,Colombia,546720,tonnes,"Coffee, green"
2000,Colombia,637140,tonnes,"Coffee, green"
2001,Colombia,656160,tonnes,"Coffee, green"
2002,Colombia,696840,tonnes,"Coffee, green"
2003,Colombia,694080,tonnes,"Coffee, green"
2004,Colombia,674400,tonnes,"Coffee, green"
2005,Colombia,667140,tonnes,"Coffee, green"
2006,Colombia,724740,tonnes,"Coffee, green"
2007,Colombia,757080,tonnes,"Coffee, green"
2008,Colombia,688680,tonnes,"Coffee, green"
2009,Colombia,468720,tonnes,"Coffee, green"
2010,Colombia,535380,tonnes,"Coffee, green"
2011,Colombia,468540,tonnes,"Coffee, green"
2012,Colombia,462000,tonnes,"Coffee, green"
2013,Colombia,653160,tonnes,"Coffee, green"
2014,Colombia,728400,tonnes,"Coffee, green"
2015,Colombia,827750,tonnes,"Coffee, green"
2016,Colombia,818243,tonnes,"Coffee, green"
2017,Colombia,851640,tonnes,"Coffee, green"
2018,Colombia,813420,tonnes,"Coffee, green"
2019,Colombia,885120,tonnes,"Coffee, green"
1961,Costa Rica,61769,tonnes,"Coffee, green"
1962,Costa Rica,54523,tonnes,"Coffee, green"
1963,Costa Rica,62295,tonnes,"Coffee, green"
1964,Costa Rica,47219,tonnes,"Coffee, green"
1965,Costa Rica,58384,tonnes,"Coffee, green"
1966,Costa Rica,68344,tonnes,"Coffee, green"
1967,Costa Rica,76014,tonnes,"Coffee, green"
1968,Costa Rica,69372,tonnes,"Coffee, green"
1969,Costa Rica,84549,tonnes,"Coffee, green"
1970,Costa Rica,73192,tonnes,"Coffee, green"
1971,Costa Rica,89350,tonnes,"Coffee, green"
1972,Costa Rica,78787,tonnes,"Coffee, green"
1973,Costa Rica,95721,tonnes,"Coffee, green"
1974,Costa Rica,84287,tonnes,"Coffee, green"
1975,Costa Rica,80248,tonnes,"Coffee, green"
1976,Costa Rica,81784,tonnes,"Coffee, green"
1977,Costa Rica,87183,tonnes,"Coffee, green"
1978,Costa Rica,98549,tonnes,"Coffee, green"
1979,Costa Rica,98575,tonnes,"Coffee, green"
1980,Costa Rica,106389,tonnes,"Coffee, green"
1981,Costa Rica,113102,tonnes,"Coffee, green"
1982,Costa Rica,115087,tonnes,"Coffee, green"
1983,Costa Rica,124008,tonnes,"Coffee, green"
1984,Costa Rica,136857,tonnes,"Coffee, green"
1985,Costa Rica,124000,tonnes,"Coffee, green"
1986,Costa Rica,128227,tonnes,"Coffee, green"
1987,Costa Rica,138000,tonnes,"Coffee, green"
1988,Costa Rica,144900,tonnes,"Coffee, green"
1989,Costa Rica,157000,tonnes,"Coffee, green"
1990,Costa Rica,151100,tonnes,"Coffee, green"
1991,Costa Rica,158000,tonnes,"Coffee, green"
1992,Costa Rica,168000,tonnes,"Coffee, green"
1993,Costa Rica,156927,tonnes,"Coffee, green"
1994,Costa Rica,147998,tonnes,"Coffee, green"
1995,Costa Rica,150061,tonnes,"Coffee, green"
1996,Costa Rica,154131,tonnes,"Coffee, green"
1997,Costa Rica,132015,tonnes,"Coffee, green"
1998,Costa Rica,152385,tonnes,"Coffee, green"
1999,Costa Rica,147868,tonnes,"Coffee, green"
2000,Costa Rica,161395,tonnes,"Coffee, green"
2001,Costa Rica,150289,tonnes,"Coffee, green"
2002,Costa Rica,140874,tonnes,"Coffee, green"
2003,Costa Rica,132259,tonnes,"Coffee, green"
2004,Costa Rica,126000,tonnes,"Coffee, green"
2005,Costa Rica,125669,tonnes,"Coffee, green"
2006,Costa Rica,101038,tonnes,"Coffee, green"
2007,Costa Rica,121058,tonnes,"Coffee, green"
2008,Costa Rica,111959,tonnes,"Coffee, green"
2009,Costa Rica,91403,tonnes,"Coffee, green"
2010,Costa Rica,91620,tonnes,"Coffee, green"
2011,Costa Rica,95038,tonnes,"Coffee, green"
2012,Costa Rica,117873,tonnes,"Coffee, green"
2013,Costa Rica,71381,tonnes,"Coffee, green"
2014,Costa Rica,96735,tonnes,"Coffee, green"
2015,Costa Rica,83846,tonnes,"Coffee, green"
2016,Costa Rica,93720,tonnes,"Coffee, green"
2017,Costa Rica,90419,tonnes,"Coffee, green"
2018,Costa Rica,78434,tonnes,"Coffee, green"
2019,Costa Rica,84096,tonnes,"Coffee, green"
1961,Dominican Republic,36210,tonnes,"Coffee, green"
1962,Dominican Republic,45968,tonnes,"Coffee, green"
1963,Dominican Republic,44783,tonnes,"Coffee, green"
1964,Dominican Republic,51974,tonnes,"Coffee, green"
1965,Dominican Republic,43072,tonnes,"Coffee, green"
1966,Dominican Republic,44535,tonnes,"Coffee, green"
1967,Dominican Republic,42400,tonnes,"Coffee, green"
1968,Dominican Republic,44500,tonnes,"Coffee, green"
1969,Dominican Republic,43550,tonnes,"Coffee, green"
1970,Dominican Republic,42494,tonnes,"Coffee, green"
1971,Dominican Republic,45000,tonnes,"Coffee, green"
1972,Dominican Republic,45300,tonnes,"Coffee, green"
1973,Dominican Republic,58682,tonnes,"Coffee, green"
1974,Dominican Republic,54311,tonnes,"Coffee, green"
1975,Dominican Republic,51855,tonnes,"Coffee, green"
1976,Dominican Republic,56997,tonnes,"Coffee, green"
1977,Dominican Republic,60208,tonnes,"Coffee, green"
1978,Dominican Republic,43405,tonnes,"Coffee, green"
1979,Dominican Republic,60391,tonnes,"Coffee, green"
1980,Dominican Republic,60091,tonnes,"Coffee, green"
1981,Dominican Republic,52206,tonnes,"Coffee, green"
1982,Dominican Republic,63493,tonnes,"Coffee, green"
1983,Dominican Republic,68027,tonnes,"Coffee, green"
1984,Dominican Republic,72109,tonnes,"Coffee, green"
1985,Dominican Republic,71965,tonnes,"Coffee, green"
1986,Dominican Republic,68504,tonnes,"Coffee, green"
1987,Dominican Republic,67134,tonnes,"Coffee, green"
1988,Dominican Republic,67939,tonnes,"Coffee, green"
1989,Dominican Republic,64611,tonnes,"Coffee, green"
1990,Dominican Republic,59377,tonnes,"Coffee, green"
1991,Dominican Republic,55222,tonnes,"Coffee, green"
1992,Dominican Republic,42464,tonnes,"Coffee, green"
1993,Dominican Republic,37744,tonnes,"Coffee, green"
1994,Dominican Republic,32715,tonnes,"Coffee, green"
1995,Dominican Republic,42407,tonnes,"Coffee, green"
1996,Dominican Republic,47895,tonnes,"Coffee, green"
1997,Dominican Republic,33997,tonnes,"Coffee, green"
1998,Dominican Republic,56943,tonnes,"Coffee, green"
1999,Dominican Republic,34609,tonnes,"Coffee, green"
2000,Dominican Republic,45546,tonnes,"Coffee, green"
2001,Dominican Republic,35476,tonnes,"Coffee, green"
2002,Dominican Republic,37330,tonnes,"Coffee, green"
2003,Dominican Republic,36929,tonnes,"Coffee, green"
2004,Dominican Republic,35421,tonnes,"Coffee, green"
2005,Dominican Republic,40303,tonnes,"Coffee, green"
2006,Dominican Republic,41352,tonnes,"Coffee, green"
2007,Dominican Republic,41232,tonnes,"Coffee, green"
2008,Dominican Republic,35582,tonnes,"Coffee, green"
2009,Dominican Republic,37950,tonnes,"Coffee, green"
2010,Dominican Republic,21876,tonnes,"Coffee, green"
2011,Dominican Republic,22680,tonnes,"Coffee, green"
2012,Dominican Republic,27009,tonnes,"Coffee, green"
2013,Dominican Republic,18552,tonnes,"Coffee, green"
2014,Dominican Republic,13213,tonnes,"Coffee, green"
2015,Dominican Republic,9888,tonnes,"Coffee, green"
2016,Dominican Republic,11471,tonnes,"Coffee, green"
2017,Dominican Republic,15241,tonnes,"Coffee, green"
2018,Dominican Republic,18416,tonnes,"Coffee, green"
2019,Dominican Republic,15241,tonnes,"Coffee, green"
1961,Ecuador,53500,tonnes,"Coffee, green"
1962,Ecuador,55500,tonnes,"Coffee, green"
1963,Ecuador,42800,tonnes,"Coffee, green"
1964,Ecuador,47000,tonnes,"Coffee, green"
1965,Ecuador,66200,tonnes,"Coffee, green"
1966,Ecuador,57222,tonnes,"Coffee, green"
1967,Ecuador,61731,tonnes,"Coffee, green"
1968,Ecuador,60493,tonnes,"Coffee, green"
1969,Ecuador,44345,tonnes,"Coffee, green"
1970,Ecuador,72053,tonnes,"Coffee, green"
1971,Ecuador,62252,tonnes,"Coffee, green"
1972,Ecuador,71385,tonnes,"Coffee, green"
1973,Ecuador,74980,tonnes,"Coffee, green"
1974,Ecuador,69638,tonnes,"Coffee, green"
1975,Ecuador,76437,tonnes,"Coffee, green"
1976,Ecuador,87101,tonnes,"Coffee, green"
1977,Ecuador,82680,tonnes,"Coffee, green"
1978,Ecuador,75447,tonnes,"Coffee, green"
1979,Ecuador,89728,tonnes,"Coffee, green"
1980,Ecuador,69445,tonnes,"Coffee, green"
1981,Ecuador,86085,tonnes,"Coffee, green"
1982,Ecuador,83938,tonnes,"Coffee, green"
1983,Ecuador,81075,tonnes,"Coffee, green"
1984,Ecuador,97258,tonnes,"Coffee, green"
1985,Ecuador,120861,tonnes,"Coffee, green"
1986,Ecuador,118000,tonnes,"Coffee, green"
1987,Ecuador,111720,tonnes,"Coffee, green"
1988,Ecuador,144401,tonnes,"Coffee, green"
1989,Ecuador,129309,tonnes,"Coffee, green"
1990,Ecuador,134980,tonnes,"Coffee, green"
1991,Ecuador,116917,tonnes,"Coffee, green"
1992,Ecuador,137671,tonnes,"Coffee, green"
1993,Ecuador,137004,tonnes,"Coffee, green"
1994,Ecuador,186797,tonnes,"Coffee, green"
1995,Ecuador,148205,tonnes,"Coffee, green"
1996,Ecuador,168919,tonnes,"Coffee, green"
1997,Ecuador,173868,tonnes,"Coffee, green"
1998,Ecuador,48190,tonnes,"Coffee, green"
1999,Ecuador,132939,tonnes,"Coffee, green"
2000,Ecuador,27606,tonnes,"Coffee, green"
2001,Ecuador,164790,tonnes,"Coffee, green"
2002,Ecuador,23325,tonnes,"Coffee, green"
2003,Ecuador,23579,tonnes,"Coffee, green"
2004,Ecuador,27932,tonnes,"Coffee, green"
2005,Ecuador,40805,tonnes,"Coffee, green"
2006,Ecuador,31461,tonnes,"Coffee, green"
2007,Ecuador,38687,tonnes,"Coffee, green"
2008,Ecuador,32096,tonnes,"Coffee, green"
2009,Ecuador,33624,tonnes,"Coffee, green"
2010,Ecuador,31347,tonnes,"Coffee, green"
2011,Ecuador,23829,tonnes,"Coffee, green"
2012,Ecuador,7340,tonnes,"Coffee, green"
2013,Ecuador,7760,tonnes,"Coffee, green"
2014,Ecuador,4225,tonnes,"Coffee, green"
2015,Ecuador,5297,tonnes,"Coffee, green"
2016,Ecuador,3905,tonnes,"Coffee, green"
2017,Ecuador,7564,tonnes,"Coffee, green"
2018,Ecuador,5065,tonnes,"Coffee, green"
2019,Ecuador,8141,tonnes,"Coffee, green"
1961,El Salvador,122500,tonnes,"Coffee, green"
1962,El Salvador,98300,tonnes,"Coffee, green"
1963,El Salvador,122700,tonnes,"Coffee, green"
1964,El Salvador,123100,tonnes,"Coffee, green"
1965,El Salvador,109200,tonnes,"Coffee, green"
1966,El Salvador,123100,tonnes,"Coffee, green"
1967,El Salvador,144800,tonnes,"Coffee, green"
1968,El Salvador,123800,tonnes,"Coffee, green"
1969,El Salvador,143980,tonnes,"Coffee, green"
1970,El Salvador,129490,tonnes,"Coffee, green"
1971,El Salvador,144624,tonnes,"Coffee, green"
1972,El Salvador,147476,tonnes,"Coffee, green"
1973,El Salvador,126500,tonnes,"Coffee, green"
1974,El Salvador,159436,tonnes,"Coffee, green"
1975,El Salvador,161415,tonnes,"Coffee, green"
1976,El Salvador,138690,tonnes,"Coffee, green"
1977,El Salvador,147465,tonnes,"Coffee, green"
1978,El Salvador,158490,tonnes,"Coffee, green"
1979,El Salvador,185625,tonnes,"Coffee, green"
1980,El Salvador,184230,tonnes,"Coffee, green"
1981,El Salvador,180000,tonnes,"Coffee, green"
1982,El Salvador,174616,tonnes,"Coffee, green"
1983,El Salvador,154560,tonnes,"Coffee, green"
1984,El Salvador,163852,tonnes,"Coffee, green"
1985,El Salvador,148810,tonnes,"Coffee, green"
1986,El Salvador,138184,tonnes,"Coffee, green"
1987,El Salvador,147890,tonnes,"Coffee, green"
1988,El Salvador,120290,tonnes,"Coffee, green"
1989,El Salvador,121900,tonnes,"Coffee, green"
1990,El Salvador,147200,tonnes,"Coffee, green"
1991,El Salvador,149450,tonnes,"Coffee, green"
1992,El Salvador,175720,tonnes,"Coffee, green"
1993,El Salvador,140576,tonnes,"Coffee, green"
1994,El Salvador,140534,tonnes,"Coffee, green"
1995,El Salvador,139513,tonnes,"Coffee, green"
1996,El Salvador,148859,tonnes,"Coffee, green"
1997,El Salvador,124239,tonnes,"Coffee, green"
1998,El Salvador,117214,tonnes,"Coffee, green"
1999,El Salvador,160782,tonnes,"Coffee, green"
2000,El Salvador,114087,tonnes,"Coffee, green"
2001,El Salvador,112201,tonnes,"Coffee, green"
2002,El Salvador,91513,tonnes,"Coffee, green"
2003,El Salvador,81157,tonnes,"Coffee, green"
2004,El Salvador,83088,tonnes,"Coffee, green"
2005,El Salvador,87963,tonnes,"Coffee, green"
2006,El Salvador,85350,tonnes,"Coffee, green"
2007,El Salvador,96355,tonnes,"Coffee, green"
2008,El Salvador,97727,tonnes,"Coffee, green"
2009,El Salvador,76591,tonnes,"Coffee, green"
2010,El Salvador,112636,tonnes,"Coffee, green"
2011,El Salvador,82095,tonnes,"Coffee, green"
2012,El Salvador,89489,tonnes,"Coffee, green"
2013,El Salvador,32864,tonnes,"Coffee, green"
2014,El Salvador,41965,tonnes,"Coffee, green"
2015,El Salvador,35682,tonnes,"Coffee, green"
2016,El Salvador,38636,tonnes,"Coffee, green"
2017,El Salvador,41141,tonnes,"Coffee, green"
2018,El Salvador,45660,tonnes,"Coffee, green"
2019,El Salvador,39600,tonnes,"Coffee, green"
1961,Guatemala,100600,tonnes,"Coffee, green"
1962,Guatemala,117700,tonnes,"Coffee, green"
1963,Guatemala,104400,tonnes,"Coffee, green"
1964,Guatemala,105200,tonnes,"Coffee, green"
1965,Guatemala,126100,tonnes,"Coffee, green"
1966,Guatemala,106200,tonnes,"Coffee, green"
1967,Guatemala,102363,tonnes,"Coffee, green"
1968,Guatemala,112392,tonnes,"Coffee, green"
1969,Guatemala,118685,tonnes,"Coffee, green"
1970,Guatemala,126546,tonnes,"Coffee, green"
1971,Guatemala,128386,tonnes,"Coffee, green"
1972,Guatemala,142682,tonnes,"Coffee, green"
1973,Guatemala,145642,tonnes,"Coffee, green"
1974,Guatemala,157437,tonnes,"Coffee, green"
1975,Guatemala,139091,tonnes,"Coffee, green"
1976,Guatemala,158433,tonnes,"Coffee, green"
1977,Guatemala,168217,tonnes,"Coffee, green"
1978,Guatemala,169636,tonnes,"Coffee, green"
1979,Guatemala,164810,tonnes,"Coffee, green"
1980,Guatemala,177430,tonnes,"Coffee, green"
1981,Guatemala,193830,tonnes,"Coffee, green"
1982,Guatemala,189330,tonnes,"Coffee, green"
1983,Guatemala,183010,tonnes,"Coffee, green"
1984,Guatemala,196610,tonnes,"Coffee, green"
1985,Guatemala,181630,tonnes,"Coffee, green"
1986,Guatemala,196560,tonnes,"Coffee, green"
1987,Guatemala,193200,tonnes,"Coffee, green"
1988,Guatemala,179400,tonnes,"Coffee, green"
1989,Guatemala,193200,tonnes,"Coffee, green"
1990,Guatemala,202400,tonnes,"Coffee, green"
1991,Guatemala,196190,tonnes,"Coffee, green"
1992,Guatemala,206586,tonnes,"Coffee, green"
1993,Guatemala,208650,tonnes,"Coffee, green"
1994,Guatemala,213900,tonnes,"Coffee, green"
1995,Guatemala,210920,tonnes,"Coffee, green"
1996,Guatemala,240300,tonnes,"Coffee, green"
1997,Guatemala,271440,tonnes,"Coffee, green"
1998,Guatemala,253080,tonnes,"Coffee, green"
1999,Guatemala,293520,tonnes,"Coffee, green"
2000,Guatemala,312060,tonnes,"Coffee, green"
2001,Guatemala,261097,tonnes,"Coffee, green"
2002,Guatemala,255091,tonnes,"Coffee, green"
2003,Guatemala,244200,tonnes,"Coffee, green"
2004,Guatemala,250279,tonnes,"Coffee, green"
2005,Guatemala,248277,tonnes,"Coffee, green"
2006,Guatemala,240331,tonnes,"Coffee, green"
2007,Guatemala,248614,tonnes,"Coffee, green"
2008,Guatemala,254914,tonnes,"Coffee, green"
2009,Guatemala,247503,tonnes,"Coffee, green"
2010,Guatemala,248355,tonnes,"Coffee, green"
2011,Guatemala,265401,tonnes,"Coffee, green"
2012,Guatemala,272432,tonnes,"Coffee, green"
2013,Guatemala,248668,tonnes,"Coffee, green"
2014,Guatemala,227653,tonnes,"Coffee, green"
2015,Guatemala,225653,tonnes,"Coffee, green"
2016,Guatemala,236145,tonnes,"Coffee, green"
2017,Guatemala,224000,tonnes,"Coffee, green"
2018,Guatemala,240400,tonnes,"Coffee, green"
2019,Guatemala,225000,tonnes,"Coffee, green"
1961,Guyana,860,tonnes,"Coffee, green"
1962,Guyana,1039,tonnes,"Coffee, green"
1963,Guyana,659,tonnes,"Coffee, green"
1964,Guyana,1129,tonnes,"Coffee, green"
1965,Guyana,1156,tonnes,"Coffee, green"
1966,Guyana,1122,tonnes,"Coffee, green"
1967,Guyana,1290,tonnes,"Coffee, green"
1968,Guyana,1302,tonnes,"Coffee, green"
1969,Guyana,684,tonnes,"Coffee, green"
1970,Guyana,703,tonnes,"Coffee, green"
1971,Guyana,761,tonnes,"Coffee, green"
1972,Guyana,762,tonnes,"Coffee, green"
1973,Guyana,746,tonnes,"Coffee, green"
1974,Guyana,900,tonnes,"Coffee, green"
1975,Guyana,900,tonnes,"Coffee, green"
1976,Guyana,900,tonnes,"Coffee, green"
1977,Guyana,1020,tonnes,"Coffee, green"
1978,Guyana,1140,tonnes,"Coffee, green"
1979,Guyana,1320,tonnes,"Coffee, green"
1980,Guyana,1560,tonnes,"Coffee, green"
1981,Guyana,1560,tonnes,"Coffee, green"
1982,Guyana,1260,tonnes,"Coffee, green"
1983,Guyana,1020,tonnes,"Coffee, green"
1984,Guyana,358,tonnes,"Coffee, green"
1985,Guyana,370,tonnes,"Coffee, green"
1986,Guyana,430,tonnes,"Coffee, green"
1987,Guyana,240,tonnes,"Coffee, green"
1988,Guyana,300,tonnes,"Coffee, green"
1989,Guyana,300,tonnes,"Coffee, green"
1990,Guyana,300,tonnes,"Coffee, green"
1991,Guyana,300,tonnes,"Coffee, green"
1992,Guyana,300,tonnes,"Coffee, green"
1993,Guyana,300,tonnes,"Coffee, green"
1994,Guyana,300,tonnes,"Coffee, green"
1995,Guyana,300,tonnes,"Coffee, green"
1996,Guyana,285,tonnes,"Coffee, green"
1997,Guyana,261,tonnes,"Coffee, green"
1998,Guyana,136,tonnes,"Coffee, green"
1999,Guyana,140,tonnes,"Coffee, green"
2000,Guyana,15,tonnes,"Coffee, green"
2001,Guyana,153,tonnes,"Coffee, green"
2002,Guyana,300,tonnes,"Coffee, green"
2003,Guyana,480,tonnes,"Coffee, green"
2004,Guyana,480,tonnes,"Coffee, green"
2005,Guyana,480,tonnes,"Coffee, green"
2006,Guyana,480,tonnes,"Coffee, green"
2007,Guyana,480,tonnes,"Coffee, green"
2008,Guyana,480,tonnes,"Coffee, green"
2009,Guyana,420,tonnes,"Coffee, green"
2010,Guyana,420,tonnes,"Coffee, green"
2011,Guyana,420,tonnes,"Coffee, green"
2012,Guyana,420,tonnes,"Coffee, green"
2013,Guyana,420,tonnes,"Coffee, green"
2014,Guyana,427,tonnes,"Coffee, green"
2015,Guyana,432,tonnes,"Coffee, green"
2016,Guyana,431,tonnes,"Coffee, green"
2017,Guyana,429,tonnes,"Coffee, green"
2018,Guyana,429,tonnes,"Coffee, green"
2019,Guyana,430,tonnes,"Coffee, green"
1961,Haiti,45720,tonnes,"Coffee, green"
1962,Haiti,31860,tonnes,"Coffee, green"
1963,Haiti,34980,tonnes,"Coffee, green"
1964,Haiti,36000,tonnes,"Coffee, green"
1965,Haiti,36720,tonnes,"Coffee, green"
1966,Haiti,30540,tonnes,"Coffee, green"
1967,Haiti,31600,tonnes,"Coffee, green"
1968,Haiti,30180,tonnes,"Coffee, green"
1969,Haiti,27000,tonnes,"Coffee, green"
1970,Haiti,32610,tonnes,"Coffee, green"
1971,Haiti,32400,tonnes,"Coffee, green"
1972,Haiti,31500,tonnes,"Coffee, green"
1973,Haiti,33000,tonnes,"Coffee, green"
1974,Haiti,31200,tonnes,"Coffee, green"
1975,Haiti,39000,tonnes,"Coffee, green"
1976,Haiti,32280,tonnes,"Coffee, green"
1977,Haiti,31140,tonnes,"Coffee, green"
1978,Haiti,26580,tonnes,"Coffee, green"
1979,Haiti,40140,tonnes,"Coffee, green"
1980,Haiti,42900,tonnes,"Coffee, green"
1981,Haiti,33250,tonnes,"Coffee, green"
1982,Haiti,32250,tonnes,"Coffee, green"
1983,Haiti,36000,tonnes,"Coffee, green"
1984,Haiti,37250,tonnes,"Coffee, green"
1985,Haiti,36900,tonnes,"Coffee, green"
1986,Haiti,37752,tonnes,"Coffee, green"
1987,Haiti,30088,tonnes,"Coffee, green"
1988,Haiti,37693,tonnes,"Coffee, green"
1989,Haiti,38447,tonnes,"Coffee, green"
1990,Haiti,37200,tonnes,"Coffee, green"
1991,Haiti,37000,tonnes,"Coffee, green"
1992,Haiti,27355,tonnes,"Coffee, green"
1993,Haiti,33600,tonnes,"Coffee, green"
1994,Haiti,31000,tonnes,"Coffee, green"
1995,Haiti,29000,tonnes,"Coffee, green"
1996,Haiti,27000,tonnes,"Coffee, green"
1997,Haiti,29155,tonnes,"Coffee, green"
1998,Haiti,27239,tonnes,"Coffee, green"
1999,Haiti,28000,tonnes,"Coffee, green"
2000,Haiti,30000,tonnes,"Coffee, green"
2001,Haiti,28000,tonnes,"Coffee, green"
2002,Haiti,27000,tonnes,"Coffee, green"
2003,Haiti,30000,tonnes,"Coffee, green"
2004,Haiti,29000,tonnes,"Coffee, green"
2005,Haiti,35000,tonnes,"Coffee, green"
2006,Haiti,35000,tonnes,"Coffee, green"
2007,Haiti,47000,tonnes,"Coffee, green"
2008,Haiti,35000,tonnes,"Coffee, green"
2009,Haiti,36482,tonnes,"Coffee, green"
2010,Haiti,38193,tonnes,"Coffee, green"
2011,Haiti,39232,tonnes,"Coffee, green"
2012,Haiti,40184,tonnes,"Coffee, green"
2013,Haiti,58720,tonnes,"Coffee, green"
2014,Haiti,35232,tonnes,"Coffee, green"
2015,Haiti,20452,tonnes,"Coffee, green"
2016,Haiti,20495,tonnes,"Coffee, green"
2017,Haiti,20543,tonnes,"Coffee, green"
2018,Haiti,20814,tonnes,"Coffee, green"
2019,Haiti,20700,tonnes,"Coffee, green"
1961,Honduras,21450,tonnes,"Coffee, green"
1962,Honduras,27939,tonnes,"Coffee, green"
1963,Honduras,29014,tonnes,"Coffee, green"
1964,Honduras,29276,tonnes,"Coffee, green"
1965,Honduras,32195,tonnes,"Coffee, green"
1966,Honduras,33569,tonnes,"Coffee, green"
1967,Honduras,35041,tonnes,"Coffee, green"
1968,Honduras,36512,tonnes,"Coffee, green"
1969,Honduras,37984,tonnes,"Coffee, green"
1970,Honduras,39456,tonnes,"Coffee, green"
1971,Honduras,40927,tonnes,"Coffee, green"
1972,Honduras,42399,tonnes,"Coffee, green"
1973,Honduras,41778,tonnes,"Coffee, green"
1974,Honduras,45342,tonnes,"Coffee, green"
1975,Honduras,46814,tonnes,"Coffee, green"
1976,Honduras,48285,tonnes,"Coffee, green"
1977,Honduras,49757,tonnes,"Coffee, green"
1978,Honduras,59796,tonnes,"Coffee, green"
1979,Honduras,72547,tonnes,"Coffee, green"
1980,Honduras,64228,tonnes,"Coffee, green"
1981,Honduras,75347,tonnes,"Coffee, green"
1982,Honduras,72420,tonnes,"Coffee, green"
1983,Honduras,79474,tonnes,"Coffee, green"
1984,Honduras,72545,tonnes,"Coffee, green"
1985,Honduras,75091,tonnes,"Coffee, green"
1986,Honduras,76318,tonnes,"Coffee, green"
1987,Honduras,79877,tonnes,"Coffee, green"
1988,Honduras,94046,tonnes,"Coffee, green"
1989,Honduras,100234,tonnes,"Coffee, green"
1990,Honduras,119784,tonnes,"Coffee, green"
1991,Honduras,101890,tonnes,"Coffee, green"
1992,Honduras,111660,tonnes,"Coffee, green"
1993,Honduras,110481,tonnes,"Coffee, green"
1994,Honduras,126182,tonnes,"Coffee, green"
1995,Honduras,132400,tonnes,"Coffee, green"
1996,Honduras,148830,tonnes,"Coffee, green"
1997,Honduras,162658,tonnes,"Coffee, green"
1998,Honduras,172772,tonnes,"Coffee, green"
1999,Honduras,157409,tonnes,"Coffee, green"
2000,Honduras,193309,tonnes,"Coffee, green"
2001,Honduras,205545,tonnes,"Coffee, green"
2002,Honduras,172727,tonnes,"Coffee, green"
2003,Honduras,175284,tonnes,"Coffee, green"
2004,Honduras,185090,tonnes,"Coffee, green"
2005,Honduras,190640,tonnes,"Coffee, green"
2006,Honduras,213636,tonnes,"Coffee, green"
2007,Honduras,236302,tonnes,"Coffee, green"
2008,Honduras,240948,tonnes,"Coffee, green"
2009,Honduras,231288,tonnes,"Coffee, green"
2010,Honduras,244335,tonnes,"Coffee, green"
2011,Honduras,284347,tonnes,"Coffee, green"
2012,Honduras,343403,tonnes,"Coffee, green"
2013,Honduras,280697,tonnes,"Coffee, green"
2014,Honduras,282230,tonnes,"Coffee, green"
2015,Honduras,332747,tonnes,"Coffee, green"
2016,Honduras,366542,tonnes,"Coffee, green"
2017,Honduras,477580,tonnes,"Coffee, green"
2018,Honduras,485517,tonnes,"Coffee, green"
2019,Honduras,476345,tonnes,"Coffee, green"
1961,Jamaica,2546,tonnes,"Coffee, green"
1962,Jamaica,1969,tonnes,"Coffee, green"
1963,Jamaica,2009,tonnes,"Coffee, green"
1964,Jamaica,1997,tonnes,"Coffee, green"
1965,Jamaica,2170,tonnes,"Coffee, green"
1966,Jamaica,1861,tonnes,"Coffee, green"
1967,Jamaica,1991,tonnes,"Coffee, green"
1968,Jamaica,1972,tonnes,"Coffee, green"
1969,Jamaica,1589,tonnes,"Coffee, green"
1970,Jamaica,1805,tonnes,"Coffee, green"
1971,Jamaica,1358,tonnes,"Coffee, green"
1972,Jamaica,1040,tonnes,"Coffee, green"
1973,Jamaica,1146,tonnes,"Coffee, green"
1974,Jamaica,1486,tonnes,"Coffee, green"
1975,Jamaica,1186,tonnes,"Coffee, green"
1976,Jamaica,1929,tonnes,"Coffee, green"
1977,Jamaica,1208,tonnes,"Coffee, green"
1978,Jamaica,1477,tonnes,"Coffee, green"
1979,Jamaica,958,tonnes,"Coffee, green"
1980,Jamaica,2216,tonnes,"Coffee, green"
1981,Jamaica,1379,tonnes,"Coffee, green"
1982,Jamaica,1516,tonnes,"Coffee, green"
1983,Jamaica,1632,tonnes,"Coffee, green"
1984,Jamaica,1745,tonnes,"Coffee, green"
1985,Jamaica,1274,tonnes,"Coffee, green"
1986,Jamaica,1697,tonnes,"Coffee, green"
1987,Jamaica,1658,tonnes,"Coffee, green"
1988,Jamaica,2231,tonnes,"Coffee, green"
1989,Jamaica,1260,tonnes,"Coffee, green"
1990,Jamaica,1560,tonnes,"Coffee, green"
1991,Jamaica,2280,tonnes,"Coffee, green"
1992,Jamaica,1920,tonnes,"Coffee, green"
1993,Jamaica,1500,tonnes,"Coffee, green"
1994,Jamaica,2460,tonnes,"Coffee, green"
1995,Jamaica,2580,tonnes,"Coffee, green"
1996,Jamaica,2580,tonnes,"Coffee, green"
1997,Jamaica,2887,tonnes,"Coffee, green"
1998,Jamaica,1740,tonnes,"Coffee, green"
1999,Jamaica,2340,tonnes,"Coffee, green"
2000,Jamaica,2220,tonnes,"Coffee, green"
2001,Jamaica,2880,tonnes,"Coffee, green"
2002,Jamaica,2760,tonnes,"Coffee, green"
2003,Jamaica,3300,tonnes,"Coffee, green"
2004,Jamaica,2400,tonnes,"Coffee, green"
2005,Jamaica,8897,tonnes,"Coffee, green"
2006,Jamaica,12390,tonnes,"Coffee, green"
2007,Jamaica,15117,tonnes,"Coffee, green"
2008,Jamaica,9035,tonnes,"Coffee, green"
2009,Jamaica,12456,tonnes,"Coffee, green"
2010,Jamaica,9121,tonnes,"Coffee, green"
2011,Jamaica,8099,tonnes,"Coffee, green"
2012,Jamaica,6687,tonnes,"Coffee, green"
2013,Jamaica,6984,tonnes,"Coffee, green"
2014,Jamaica,5298,tonnes,"Coffee, green"
2015,Jamaica,5755,tonnes,"Coffee, green"
2016,Jamaica,7580,tonnes,"Coffee, green"
2017,Jamaica,6222,tonnes,"Coffee, green"
2018,Jamaica,7085,tonnes,"Coffee, green"
2019,Jamaica,5587,tonnes,"Coffee, green"
1961,Mexico,126616,tonnes,"Coffee, green"
1962,Mexico,139794,tonnes,"Coffee, green"
1963,Mexico,137069,tonnes,"Coffee, green"
1964,Mexico,156477,tonnes,"Coffee, green"
1965,Mexico,162149,tonnes,"Coffee, green"
1966,Mexico,183005,tonnes,"Coffee, green"
1967,Mexico,224505,tonnes,"Coffee, green"
1968,Mexico,212656,tonnes,"Coffee, green"
1969,Mexico,172734,tonnes,"Coffee, green"
1970,Mexico,185293,tonnes,"Coffee, green"
1971,Mexico,187495,tonnes,"Coffee, green"
1972,Mexico,203462,tonnes,"Coffee, green"
1973,Mexico,221718,tonnes,"Coffee, green"
1974,Mexico,220767,tonnes,"Coffee, green"
1975,Mexico,228264,tonnes,"Coffee, green"
1976,Mexico,212200,tonnes,"Coffee, green"
1977,Mexico,182010,tonnes,"Coffee, green"
1978,Mexico,241602,tonnes,"Coffee, green"
1979,Mexico,220191,tonnes,"Coffee, green"
1980,Mexico,220040,tonnes,"Coffee, green"
1981,Mexico,262904,tonnes,"Coffee, green"
1982,Mexico,251768,tonnes,"Coffee, green"
1983,Mexico,307948,tonnes,"Coffee, green"
1984,Mexico,239870,tonnes,"Coffee, green"
1985,Mexico,260197,tonnes,"Coffee, green"
1986,Mexico,374828,tonnes,"Coffee, green"
1987,Mexico,336180,tonnes,"Coffee, green"
1988,Mexico,423000,tonnes,"Coffee, green"
1989,Mexico,343440,tonnes,"Coffee, green"
1990,Mexico,440000,tonnes,"Coffee, green"
1991,Mexico,334330,tonnes,"Coffee, green"
1992,Mexico,359665,tonnes,"Coffee, green"
1993,Mexico,335627,tonnes,"Coffee, green"
1994,Mexico,324500,tonnes,"Coffee, green"
1995,Mexico,324526,tonnes,"Coffee, green"
1996,Mexico,374153,tonnes,"Coffee, green"
1997,Mexico,368315,tonnes,"Coffee, green"
1998,Mexico,277372,tonnes,"Coffee, green"
1999,Mexico,302119,tonnes,"Coffee, green"
2000,Mexico,338170,tonnes,"Coffee, green"
2001,Mexico,302996,tonnes,"Coffee, green"
2002,Mexico,313027,tonnes,"Coffee, green"
2003,Mexico,310861,tonnes,"Coffee, green"
2004,Mexico,312413,tonnes,"Coffee, green"
2005,Mexico,294364,tonnes,"Coffee, green"
2006,Mexico,279635,tonnes,"Coffee, green"
2007,Mexico,268565,tonnes,"Coffee, green"
2008,Mexico,260442,tonnes,"Coffee, green"
2009,Mexico,264472,tonnes,"Coffee, green"
2010,Mexico,245271,tonnes,"Coffee, green"
2011,Mexico,237056,tonnes,"Coffee, green"
2012,Mexico,246121,tonnes,"Coffee, green"
2013,Mexico,231596,tonnes,"Coffee, green"
2014,Mexico,214667,tonnes,"Coffee, green"
2015,Mexico,188934,tonnes,"Coffee, green"
2016,Mexico,151714,tonnes,"Coffee, green"
2017,Mexico,153777,tonnes,"Coffee, green"
2018,Mexico,158308,tonnes,"Coffee, green"
2019,Mexico,165712,tonnes,"Coffee, green"
1961,Nicaragua,23200,tonnes,"Coffee, green"
1962,Nicaragua,29800,tonnes,"Coffee, green"
1963,Nicaragua,26200,tonnes,"Coffee, green"
1964,Nicaragua,40200,tonnes,"Coffee, green"
1965,Nicaragua,31500,tonnes,"Coffee, green"
1966,Nicaragua,24921,tonnes,"Coffee, green"
1967,Nicaragua,33233,tonnes,"Coffee, green"
1968,Nicaragua,30246,tonnes,"Coffee, green"
1969,Nicaragua,33904,tonnes,"Coffee, green"
1970,Nicaragua,39418,tonnes,"Coffee, green"
1971,Nicaragua,42013,tonnes,"Coffee, green"
1972,Nicaragua,35073,tonnes,"Coffee, green"
1973,Nicaragua,36694,tonnes,"Coffee, green"
1974,Nicaragua,40972,tonnes,"Coffee, green"
1975,Nicaragua,49137,tonnes,"Coffee, green"
1976,Nicaragua,56580,tonnes,"Coffee, green"
1977,Nicaragua,55200,tonnes,"Coffee, green"
1978,Nicaragua,65092,tonnes,"Coffee, green"
1979,Nicaragua,56304,tonnes,"Coffee, green"
1980,Nicaragua,59107,tonnes,"Coffee, green"
1981,Nicaragua,61087,tonnes,"Coffee, green"
1982,Nicaragua,72145,tonnes,"Coffee, green"
1983,Nicaragua,49205,tonnes,"Coffee, green"
1984,Nicaragua,51290,tonnes,"Coffee, green"
1985,Nicaragua,35360,tonnes,"Coffee, green"
1986,Nicaragua,43332,tonnes,"Coffee, green"
1987,Nicaragua,38626,tonnes,"Coffee, green"
1988,Nicaragua,43447,tonnes,"Coffee, green"
1989,Nicaragua,45167,tonnes,"Coffee, green"
1990,Nicaragua,27996,tonnes,"Coffee, green"
1991,Nicaragua,47421,tonnes,"Coffee, green"
1992,Nicaragua,44505,tonnes,"Coffee, green"
1993,Nicaragua,41818,tonnes,"Coffee, green"
1994,Nicaragua,40551,tonnes,"Coffee, green"
1995,Nicaragua,54587,tonnes,"Coffee, green"
1996,Nicaragua,49900,tonnes,"Coffee, green"
1997,Nicaragua,65169,tonnes,"Coffee, green"
1998,Nicaragua,65420,tonnes,"Coffee, green"
1999,Nicaragua,91791,tonnes,"Coffee, green"
2000,Nicaragua,82206,tonnes,"Coffee, green"
2001,Nicaragua,66799,tonnes,"Coffee, green"
2002,Nicaragua,60235,tonnes,"Coffee, green"
2003,Nicaragua,82727,tonnes,"Coffee, green"
2004,Nicaragua,57533,tonnes,"Coffee, green"
2005,Nicaragua,95455,tonnes,"Coffee, green"
2006,Nicaragua,70455,tonnes,"Coffee, green"
2007,Nicaragua,100000,tonnes,"Coffee, green"
2008,Nicaragua,75957,tonnes,"Coffee, green"
2009,Nicaragua,92205,tonnes,"Coffee, green"
2010,Nicaragua,78712,tonnes,"Coffee, green"
2011,Nicaragua,103882,tonnes,"Coffee, green"
2012,Nicaragua,86944,tonnes,"Coffee, green"
2013,Nicaragua,84146,tonnes,"Coffee, green"
2014,Nicaragua,86090,tonnes,"Coffee, green"
2015,Nicaragua,95255,tonnes,"Coffee, green"
2016,Nicaragua,122470,tonnes,"Coffee, green"
2017,Nicaragua,128111,tonnes,"Coffee, green"
2018,Nicaragua,141931,tonnes,"Coffee, green"
2019,Nicaragua,174000,tonnes,"Coffee, green"
1961,Panama,5000,tonnes,"Coffee, green"
1962,Panama,4400,tonnes,"Coffee, green"
1963,Panama,4500,tonnes,"Coffee, green"
1964,Panama,4300,tonnes,"Coffee, green"
1965,Panama,4300,tonnes,"Coffee, green"
1966,Panama,5000,tonnes,"Coffee, green"
1967,Panama,5166,tonnes,"Coffee, green"
1968,Panama,4500,tonnes,"Coffee, green"
1969,Panama,5139,tonnes,"Coffee, green"
1970,Panama,4436,tonnes,"Coffee, green"
1971,Panama,5307,tonnes,"Coffee, green"
1972,Panama,4944,tonnes,"Coffee, green"
1973,Panama,4318,tonnes,"Coffee, green"
1974,Panama,4504,tonnes,"Coffee, green"
1975,Panama,4801,tonnes,"Coffee, green"
1976,Panama,4677,tonnes,"Coffee, green"
1977,Panama,5516,tonnes,"Coffee, green"
1978,Panama,6146,tonnes,"Coffee, green"
1979,Panama,6100,tonnes,"Coffee, green"
1980,Panama,7272,tonnes,"Coffee, green"
1981,Panama,7062,tonnes,"Coffee, green"
1982,Panama,8142,tonnes,"Coffee, green"
1983,Panama,8854,tonnes,"Coffee, green"
1984,Panama,10750,tonnes,"Coffee, green"
1985,Panama,9390,tonnes,"Coffee, green"
1986,Panama,10596,tonnes,"Coffee, green"
1987,Panama,10160,tonnes,"Coffee, green"
1988,Panama,10274,tonnes,"Coffee, green"
1989,Panama,9757,tonnes,"Coffee, green"
1990,Panama,11547,tonnes,"Coffee, green"
1991,Panama,12174,tonnes,"Coffee, green"
1992,Panama,10945,tonnes,"Coffee, green"
1993,Panama,9766,tonnes,"Coffee, green"
1994,Panama,10400,tonnes,"Coffee, green"
1995,Panama,11702,tonnes,"Coffee, green"
1996,Panama,11113,tonnes,"Coffee, green"
1997,Panama,10527,tonnes,"Coffee, green"
1998,Panama,11435,tonnes,"Coffee, green"
1999,Panama,12024,tonnes,"Coffee, green"
2000,Panama,10255,tonnes,"Coffee, green"
2001,Panama,15074,tonnes,"Coffee, green"
2002,Panama,11390,tonnes,"Coffee, green"
2003,Panama,11587,tonnes,"Coffee, green"
2004,Panama,12779,tonnes,"Coffee, green"
2005,Panama,13153,tonnes,"Coffee, green"
2006,Panama,12844,tonnes,"Coffee, green"
2007,Panama,13790,tonnes,"Coffee, green"
2008,Panama,13324,tonnes,"Coffee, green"
2009,Panama,12961,tonnes,"Coffee, green"
2010,Panama,12470,tonnes,"Coffee, green"
2011,Panama,9826,tonnes,"Coffee, green"
2012,Panama,10049,tonnes,"Coffee, green"
2013,Panama,7096,tonnes,"Coffee, green"
2014,Panama,6688,tonnes,"Coffee, green"
2015,Panama,7464,tonnes,"Coffee, green"
2016,Panama,6135,tonnes,"Coffee, green"
2017,Panama,6588,tonnes,"Coffee, green"
2018,Panama,7680,tonnes,"Coffee, green"
2019,Panama,7200,tonnes,"Coffee, green"
1961,Paraguay,6000,tonnes,"Coffee, green"
1962,Paraguay,6180,tonnes,"Coffee, green"
1963,Paraguay,7140,tonnes,"Coffee, green"
1964,Paraguay,7200,tonnes,"Coffee, green"
1965,Paraguay,6018,tonnes,"Coffee, green"
1966,Paraguay,6510,tonnes,"Coffee, green"
1967,Paraguay,7110,tonnes,"Coffee, green"
1968,Paraguay,7340,tonnes,"Coffee, green"
1969,Paraguay,6090,tonnes,"Coffee, green"
1970,Paraguay,4310,tonnes,"Coffee, green"
1971,Paraguay,5810,tonnes,"Coffee, green"
1972,Paraguay,7660,tonnes,"Coffee, green"
1973,Paraguay,6930,tonnes,"Coffee, green"
1974,Paraguay,8480,tonnes,"Coffee, green"
1975,Paraguay,8340,tonnes,"Coffee, green"
1976,Paraguay,3910,tonnes,"Coffee, green"
1977,Paraguay,6000,tonnes,"Coffee, green"
1978,Paraguay,7200,tonnes,"Coffee, green"
1979,Paraguay,7560,tonnes,"Coffee, green"
1980,Paraguay,7800,tonnes,"Coffee, green"
1981,Paraguay,12856,tonnes,"Coffee, green"
1982,Paraguay,13865,tonnes,"Coffee, green"
1983,Paraguay,15031,tonnes,"Coffee, green"
1984,Paraguay,18359,tonnes,"Coffee, green"
1985,Paraguay,18134,tonnes,"Coffee, green"
1986,Paraguay,19070,tonnes,"Coffee, green"
1987,Paraguay,18276,tonnes,"Coffee, green"
1988,Paraguay,18335,tonnes,"Coffee, green"
1989,Paraguay,17605,tonnes,"Coffee, green"
1990,Paraguay,17576,tonnes,"Coffee, green"
1991,Paraguay,4519,tonnes,"Coffee, green"
1992,Paraguay,4850,tonnes,"Coffee, green"
1993,Paraguay,4950,tonnes,"Coffee, green"
1994,Paraguay,5002,tonnes,"Coffee, green"
1995,Paraguay,4008,tonnes,"Coffee, green"
1996,Paraguay,4024,tonnes,"Coffee, green"
1997,Paraguay,4823,tonnes,"Coffee, green"
1998,Paraguay,4752,tonnes,"Coffee, green"
1999,Paraguay,4726,tonnes,"Coffee, green"
2000,Paraguay,3586,tonnes,"Coffee, green"
2001,Paraguay,2751,tonnes,"Coffee, green"
2002,Paraguay,2434,tonnes,"Coffee, green"
2003,Paraguay,3085,tonnes,"Coffee, green"
2004,Paraguay,3353,tonnes,"Coffee, green"
2005,Paraguay,2900,tonnes,"Coffee, green"
2006,Paraguay,3040,tonnes,"Coffee, green"
2007,Paraguay,3100,tonnes,"Coffee, green"
2008,Paraguay,273,tonnes,"Coffee, green"
2009,Paraguay,281,tonnes,"Coffee, green"
2010,Paraguay,370,tonnes,"Coffee, green"
2011,Paraguay,370,tonnes,"Coffee, green"
2012,Paraguay,370,tonnes,"Coffee, green"
2013,Paraguay,382,tonnes,"Coffee, green"
2014,Paraguay,386,tonnes,"Coffee, green"
2015,Paraguay,395,tonnes,"Coffee, green"
2016,Paraguay,395,tonnes,"Coffee, green"
2017,Paraguay,442,tonnes,"Coffee, green"
2018,Paraguay,441,tonnes,"Coffee, green"
2019,Paraguay,399,tonnes,"Coffee, green"
1961,Peru,42643,tonnes,"Coffee, green"
1962,Peru,46356,tonnes,"Coffee, green"
1963,Peru,48940,tonnes,"Coffee, green"
1964,Peru,52740,tonnes,"Coffee, green"
1965,Peru,48264,tonnes,"Coffee, green"
1966,Peru,52380,tonnes,"Coffee, green"
1967,Peru,52753,tonnes,"Coffee, green"
1968,Peru,64652,tonnes,"Coffee, green"
1969,Peru,68439,tonnes,"Coffee, green"
1970,Peru,65368,tonnes,"Coffee, green"
1971,Peru,70587,tonnes,"Coffee, green"
1972,Peru,70195,tonnes,"Coffee, green"
1973,Peru,70396,tonnes,"Coffee, green"
1974,Peru,69855,tonnes,"Coffee, green"
1975,Peru,65387,tonnes,"Coffee, green"
1976,Peru,65445,tonnes,"Coffee, green"
1977,Peru,80190,tonnes,"Coffee, green"
1978,Peru,88166,tonnes,"Coffee, green"
1979,Peru,105478,tonnes,"Coffee, green"
1980,Peru,86177,tonnes,"Coffee, green"
1981,Peru,79360,tonnes,"Coffee, green"
1982,Peru,79422,tonnes,"Coffee, green"
1983,Peru,85637,tonnes,"Coffee, green"
1984,Peru,83357,tonnes,"Coffee, green"
1985,Peru,90736,tonnes,"Coffee, green"
1986,Peru,96054,tonnes,"Coffee, green"
1987,Peru,98538,tonnes,"Coffee, green"
1988,Peru,99414,tonnes,"Coffee, green"
1989,Peru,105753,tonnes,"Coffee, green"
1990,Peru,81142,tonnes,"Coffee, green"
1991,Peru,82635,tonnes,"Coffee, green"
1992,Peru,86519,tonnes,"Coffee, green"
1993,Peru,85603,tonnes,"Coffee, green"
1994,Peru,91340,tonnes,"Coffee, green"
1995,Peru,96697,tonnes,"Coffee, green"
1996,Peru,106520,tonnes,"Coffee, green"
1997,Peru,133296,tonnes,"Coffee, green"
1998,Peru,144763,tonnes,"Coffee, green"
1999,Peru,167145,tonnes,"Coffee, green"
2000,Peru,191651,tonnes,"Coffee, green"
2001,Peru,196232,tonnes,"Coffee, green"
2002,Peru,212770,tonnes,"Coffee, green"
2003,Peru,203148,tonnes,"Coffee, green"
2004,Peru,231447,tonnes,"Coffee, green"
2005,Peru,188611,tonnes,"Coffee, green"
2006,Peru,273178,tonnes,"Coffee, green"
2007,Peru,225992,tonnes,"Coffee, green"
2008,Peru,273780,tonnes,"Coffee, green"
2009,Peru,243479,tonnes,"Coffee, green"
2010,Peru,264605,tonnes,"Coffee, green"
2011,Peru,331547,tonnes,"Coffee, green"
2012,Peru,320164,tonnes,"Coffee, green"
2013,Peru,256241,tonnes,"Coffee, green"
2014,Peru,222047,tonnes,"Coffee, green"
2015,Peru,251938,tonnes,"Coffee, green"
2016,Peru,277760,tonnes,"Coffee, green"
2017,Peru,337330,tonnes,"Coffee, green"
2018,Peru,369622,tonnes,"Coffee, green"
2019,Peru,363291,tonnes,"Coffee, green"
1961,Suriname,342,tonnes,"Coffee, green"
1962,Suriname,329,tonnes,"Coffee, green"
1963,Suriname,378,tonnes,"Coffee, green"
1964,Suriname,380,tonnes,"Coffee, green"
1965,Suriname,397,tonnes,"Coffee, green"
1966,Suriname,377,tonnes,"Coffee, green"
1967,Suriname,431,tonnes,"Coffee, green"
1968,Suriname,359,tonnes,"Coffee, green"
1969,Suriname,233,tonnes,"Coffee, green"
1970,Suriname,207,tonnes,"Coffee, green"
1971,Suriname,200,tonnes,"Coffee, green"
1972,Suriname,98,tonnes,"Coffee, green"
1973,Suriname,89,tonnes,"Coffee, green"
1974,Suriname,91,tonnes,"Coffee, green"
1975,Suriname,88,tonnes,"Coffee, green"
1976,Suriname,76,tonnes,"Coffee, green"
1977,Suriname,90,tonnes,"Coffee, green"
1978,Suriname,52,tonnes,"Coffee, green"
1979,Suriname,59,tonnes,"Coffee, green"
1980,Suriname,45,tonnes,"Coffee, green"
1981,Suriname,53,tonnes,"Coffee, green"
1982,Suriname,44,tonnes,"Coffee, green"
1983,Suriname,47,tonnes,"Coffee, green"
1984,Suriname,40,tonnes,"Coffee, green"
1985,Suriname,35,tonnes,"Coffee, green"
1986,Suriname,44,tonnes,"Coffee, green"
1987,Suriname,36,tonnes,"Coffee, green"
1988,Suriname,39,tonnes,"Coffee, green"
1989,Suriname,49,tonnes,"Coffee, green"
1990,Suriname,46,tonnes,"Coffee, green"
1991,Suriname,55,tonnes,"Coffee, green"
1992,Suriname,43,tonnes,"Coffee, green"
1993,Suriname,50,tonnes,"Coffee, green"
1994,Suriname,42,tonnes,"Coffee, green"
1995,Suriname,50,tonnes,"Coffee, green"
1996,Suriname,33,tonnes,"Coffee, green"
1997,Suriname,16,tonnes,"Coffee, green"
1998,Suriname,11,tonnes,"Coffee, green"
1999,Suriname,10,tonnes,"Coffee, green"
2000,Suriname,4,tonnes,"Coffee, green"
2001,Suriname,4,tonnes,"Coffee, green"
2002,Suriname,4,tonnes,"Coffee, green"
2003,Suriname,5,tonnes,"Coffee, green"
2004,Suriname,4,tonnes,"Coffee, green"
2005,Suriname,4,tonnes,"Coffee, green"
2006,Suriname,6,tonnes,"Coffee, green"
2007,Suriname,10,tonnes,"Coffee, green"
2008,Suriname,10,tonnes,"Coffee, green"
2009,Suriname,9,tonnes,"Coffee, green"
2010,Suriname,6,tonnes,"Coffee, green"
2011,Suriname,6,tonnes,"Coffee, green"
2012,Suriname,6,tonnes,"Coffee, green"
2013,Suriname,6,tonnes,"Coffee, green"
2014,Suriname,6,tonnes,"Coffee, green"
2015,Suriname,6,tonnes,"Coffee, green"
2016,Suriname,6,tonnes,"Coffee, green"
2017,Suriname,6,tonnes,"Coffee, green"
2018,Suriname,6,tonnes,"Coffee, green"
2019,Suriname,6,tonnes,"Coffee, green"
1961,Trinidad and Tobago,2885,tonnes,"Coffee, green"
1962,Trinidad and Tobago,3900,tonnes,"Coffee, green"
1963,Trinidad and Tobago,3625,tonnes,"Coffee, green"
1964,Trinidad and Tobago,4181,tonnes,"Coffee, green"
1965,Trinidad and Tobago,4198,tonnes,"Coffee, green"
1966,Trinidad and Tobago,2920,tonnes,"Coffee, green"
1967,Trinidad and Tobago,3117,tonnes,"Coffee, green"
1968,Trinidad and Tobago,4586,tonnes,"Coffee, green"
1969,Trinidad and Tobago,3191,tonnes,"Coffee, green"
1970,Trinidad and Tobago,2302,tonnes,"Coffee, green"
1971,Trinidad and Tobago,3894,tonnes,"Coffee, green"
1972,Trinidad and Tobago,3300,tonnes,"Coffee, green"
1973,Trinidad and Tobago,2717,tonnes,"Coffee, green"
1974,Trinidad and Tobago,1940,tonnes,"Coffee, green"
1975,Trinidad and Tobago,4024,tonnes,"Coffee, green"
1976,Trinidad and Tobago,2671,tonnes,"Coffee, green"
1977,Trinidad and Tobago,2918,tonnes,"Coffee, green"
1978,Trinidad and Tobago,2500,tonnes,"Coffee, green"
1979,Trinidad and Tobago,2497,tonnes,"Coffee, green"
1980,Trinidad and Tobago,2240,tonnes,"Coffee, green"
1981,Trinidad and Tobago,2433,tonnes,"Coffee, green"
1982,Trinidad and Tobago,1794,tonnes,"Coffee, green"
1983,Trinidad and Tobago,1389,tonnes,"Coffee, green"
1984,Trinidad and Tobago,852,tonnes,"Coffee, green"
1985,Trinidad and Tobago,2141,tonnes,"Coffee, green"
1986,Trinidad and Tobago,1334,tonnes,"Coffee, green"
1987,Trinidad and Tobago,1842,tonnes,"Coffee, green"
1988,Trinidad and Tobago,582,tonnes,"Coffee, green"
1989,Trinidad and Tobago,1206,tonnes,"Coffee, green"
1990,Trinidad and Tobago,1944,tonnes,"Coffee, green"
1991,Trinidad and Tobago,914,tonnes,"Coffee, green"
1992,Trinidad and Tobago,707,tonnes,"Coffee, green"
1993,Trinidad and Tobago,874,tonnes,"Coffee, green"
1994,Trinidad and Tobago,1015,tonnes,"Coffee, green"
1995,Trinidad and Tobago,831,tonnes,"Coffee, green"
1996,Trinidad and Tobago,352,tonnes,"Coffee, green"
1997,Trinidad and Tobago,1102,tonnes,"Coffee, green"
1998,Trinidad and Tobago,367,tonnes,"Coffee, green"
1999,Trinidad and Tobago,343,tonnes,"Coffee, green"
2000,Trinidad and Tobago,553,tonnes,"Coffee, green"
2001,Trinidad and Tobago,406,tonnes,"Coffee, green"
2002,Trinidad and Tobago,247,tonnes,"Coffee, green"
2003,Trinidad and Tobago,586,tonnes,"Coffee, green"
2004,Trinidad and Tobago,109,tonnes,"Coffee, green"
2005,Trinidad and Tobago,350,tonnes,"Coffee, green"
2006,Trinidad and Tobago,720,tonnes,"Coffee, green"
2007,Trinidad and Tobago,60,tonnes,"Coffee, green"
2008,Trinidad and Tobago,60,tonnes,"Coffee, green"
2009,Trinidad and Tobago,129,tonnes,"Coffee, green"
2010,Trinidad and Tobago,51,tonnes,"Coffee, green"
2011,Trinidad and Tobago,73,tonnes,"Coffee, green"
2012,Trinidad and Tobago,51,tonnes,"Coffee, green"
2013,Trinidad and Tobago,51,tonnes,"Coffee, green"
2014,Trinidad and Tobago,51,tonnes,"Coffee, green"
2015,Trinidad and Tobago,31,tonnes,"Coffee, green"
2016,Trinidad and Tobago,25,tonnes,"Coffee, green"
2017,Trinidad and Tobago,23,tonnes,"Coffee, green"
2018,Trinidad and Tobago,23,tonnes,"Coffee, green"
2019,Trinidad and Tobago,23,tonnes,"Coffee, green"
1961,Venezuela (Bolivarian Republic of),57050,tonnes,"Coffee, green"
1962,Venezuela (Bolivarian Republic of),54228,tonnes,"Coffee, green"
1963,Venezuela (Bolivarian Republic of),60678,tonnes,"Coffee, green"
1964,Venezuela (Bolivarian Republic of),56141,tonnes,"Coffee, green"
1965,Venezuela (Bolivarian Republic of),54387,tonnes,"Coffee, green"
1966,Venezuela (Bolivarian Republic of),61000,tonnes,"Coffee, green"
1967,Venezuela (Bolivarian Republic of),61824,tonnes,"Coffee, green"
1968,Venezuela (Bolivarian Republic of),45886,tonnes,"Coffee, green"
1969,Venezuela (Bolivarian Republic of),60665,tonnes,"Coffee, green"
1970,Venezuela (Bolivarian Republic of),60586,tonnes,"Coffee, green"
1971,Venezuela (Bolivarian Republic of),58385,tonnes,"Coffee, green"
1972,Venezuela (Bolivarian Republic of),40406,tonnes,"Coffee, green"
1973,Venezuela (Bolivarian Republic of),65926,tonnes,"Coffee, green"
1974,Venezuela (Bolivarian Republic of),45878,tonnes,"Coffee, green"
1975,Venezuela (Bolivarian Republic of),64611,tonnes,"Coffee, green"
1976,Venezuela (Bolivarian Republic of),40350,tonnes,"Coffee, green"
1977,Venezuela (Bolivarian Republic of),57682,tonnes,"Coffee, green"
1978,Venezuela (Bolivarian Republic of),58977,tonnes,"Coffee, green"
1979,Venezuela (Bolivarian Republic of),53935,tonnes,"Coffee, green"
1980,Venezuela (Bolivarian Republic of),58173,tonnes,"Coffee, green"
1981,Venezuela (Bolivarian Republic of),59566,tonnes,"Coffee, green"
1982,Venezuela (Bolivarian Republic of),58037,tonnes,"Coffee, green"
1983,Venezuela (Bolivarian Republic of),58848,tonnes,"Coffee, green"
1984,Venezuela (Bolivarian Republic of),60861,tonnes,"Coffee, green"
1985,Venezuela (Bolivarian Republic of),64370,tonnes,"Coffee, green"
1986,Venezuela (Bolivarian Republic of),66232,tonnes,"Coffee, green"
1987,Venezuela (Bolivarian Republic of),70188,tonnes,"Coffee, green"
1988,Venezuela (Bolivarian Republic of),71040,tonnes,"Coffee, green"
1989,Venezuela (Bolivarian Republic of),72594,tonnes,"Coffee, green"
1990,Venezuela (Bolivarian Republic of),76412,tonnes,"Coffee, green"
1991,Venezuela (Bolivarian Republic of),68404,tonnes,"Coffee, green"
1992,Venezuela (Bolivarian Republic of),69340,tonnes,"Coffee, green"
1993,Venezuela (Bolivarian Republic of),66476,tonnes,"Coffee, green"
1994,Venezuela (Bolivarian Republic of),68404,tonnes,"Coffee, green"
1995,Venezuela (Bolivarian Republic of),65088,tonnes,"Coffee, green"
1996,Venezuela (Bolivarian Republic of),73026,tonnes,"Coffee, green"
1997,Venezuela (Bolivarian Republic of),63000,tonnes,"Coffee, green"
1998,Venezuela (Bolivarian Republic of),66840,tonnes,"Coffee, green"
1999,Venezuela (Bolivarian Republic of),79854,tonnes,"Coffee, green"
2000,Venezuela (Bolivarian Republic of),78440,tonnes,"Coffee, green"
2001,Venezuela (Bolivarian Republic of),91877,tonnes,"Coffee, green"
2002,Venezuela (Bolivarian Republic of),84470,tonnes,"Coffee, green"
2003,Venezuela (Bolivarian Republic of),64265,tonnes,"Coffee, green"
2004,Venezuela (Bolivarian Republic of),71503,tonnes,"Coffee, green"
2005,Venezuela (Bolivarian Republic of),64484,tonnes,"Coffee, green"
2006,Venezuela (Bolivarian Republic of),74332,tonnes,"Coffee, green"
2007,Venezuela (Bolivarian Republic of),70311,tonnes,"Coffee, green"
2008,Venezuela (Bolivarian Republic of),72000,tonnes,"Coffee, green"
2009,Venezuela (Bolivarian Republic of),63193,tonnes,"Coffee, green"
2010,Venezuela (Bolivarian Republic of),71687,tonnes,"Coffee, green"
2011,Venezuela (Bolivarian Republic of),72109,tonnes,"Coffee, green"
2012,Venezuela (Bolivarian Republic of),60917,tonnes,"Coffee, green"
2013,Venezuela (Bolivarian Republic of),62069,tonnes,"Coffee, green"
2014,Venezuela (Bolivarian Republic of),52683,tonnes,"Coffee, green"
2015,Venezuela (Bolivarian Republic of),49987,tonnes,"Coffee, green"
2016,Venezuela (Bolivarian Republic of),50948,tonnes,"Coffee, green"
2017,Venezuela (Bolivarian Republic of),56630,tonnes,"Coffee, green"
2018,Venezuela (Bolivarian Republic of),56525,tonnes,"Coffee, green"
2019,Venezuela (Bolivarian Republic of),56709,tonnes,"Coffee, green"