variable,min_35,max_35,sector,var_change_over_time,group,norm_group,pij
density_wali_kg_n_per_m3_ww_industrial,0.5,2.0,CircularEconomy,0,0,0,0
logelasticity_wali_qty_prod_to_gdp_per_capita,0.8,1.2,CircularEconomy,0,0,0,0
physparam_wali_bo_tonne_ch4_tonne_bod,0.8,1.2,CircularEconomy,0,0,0,0
physparam_wali_bo_tonne_ch4_tonne_cod,0.8,1.2,CircularEconomy,0,0,0,0
physparam_wali_daily_kg_bod_per_capita,0.78,1.22,CircularEconomy,0,0,0,0
physparam_wali_p_per_bod,0.7,1.3,CircularEconomy,0,0,0,0
physparam_wali_p_per_cod,0.7,1.3,CircularEconomy,0,0,0,0
physparam_wali_tonne_cod_per_mmm_gdp,0.37,2.17,CircularEconomy,0,0,0,0
qty_wali_m3_ww_domestic_rural_per_capita,0.8,1.2,CircularEconomy,0,0,0,0
qty_wali_m3_ww_domestic_urban_per_capita,0.8,1.2,CircularEconomy,0,0,0,0
qty_wali_m3_ww_industrial_per_gdp,0.8,1.2,CircularEconomy,0,0,0,0
ef_waso_biogas_kg_ch4_per_kg_food,0.57,1.43,CircularEconomy,0,0,0,0
ef_waso_biogas_kg_ch4_per_kg_sludge,0.57,1.43,CircularEconomy,0,0,0,0
ef_waso_biogas_kg_ch4_per_kg_yard,0.57,1.43,CircularEconomy,0,0,0,0
ef_waso_compost_kg_ch4_per_kg_food,0.57,1.43,CircularEconomy,0,0,0,0
ef_waso_compost_kg_ch4_per_kg_sludge,0.57,1.43,CircularEconomy,0,0,0,0
ef_waso_compost_kg_ch4_per_kg_yard,0.57,1.43,CircularEconomy,0,0,0,0
ef_waso_compost_kg_n2o_per_kg_food,0.57,1.43,CircularEconomy,0,0,0,0
ef_waso_compost_kg_n2o_per_kg_sludge,0.57,1.43,CircularEconomy,0,0,0,0
ef_waso_compost_kg_n2o_per_kg_yard,0.57,1.43,CircularEconomy,0,0,0,0
ef_waso_incineration_kg_ch4_per_kg_isw,0.2,2.0,CircularEconomy,0,0,0,0
ef_waso_incineration_kg_ch4_per_kg_msw,0.2,2.0,CircularEconomy,0,0,0,0
ef_waso_incineration_tonne_n2o_per_tonne_chemical_industrial,0.8,1.2,CircularEconomy,0,0,0,0
ef_waso_incineration_tonne_n2o_per_tonne_food,0.8,1.2,CircularEconomy,0,0,0,0
ef_waso_incineration_tonne_n2o_per_tonne_glass,0.8,1.2,CircularEconomy,0,0,0,0
ef_waso_incineration_tonne_n2o_per_tonne_metal,0.8,1.2,CircularEconomy,0,0,0,0
ef_waso_incineration_tonne_n2o_per_tonne_nappies,0.8,1.2,CircularEconomy,0,0,0,0
ef_waso_incineration_tonne_n2o_per_tonne_other,0.8,1.2,CircularEconomy,0,0,0,0
ef_waso_incineration_tonne_n2o_per_tonne_paper,0.8,1.2,CircularEconomy,0,0,0,0
ef_waso_incineration_tonne_n2o_per_tonne_plastic,0.8,1.2,CircularEconomy,0,0,0,0
ef_waso_incineration_tonne_n2o_per_tonne_rubber_leather,0.8,1.2,CircularEconomy,0,0,0,0
ef_waso_incineration_tonne_n2o_per_tonne_sludge,0.95,1.05,CircularEconomy,0,0,0,0
ef_waso_incineration_tonne_n2o_per_tonne_textiles,0.8,1.2,CircularEconomy,0,0,0,0
ef_waso_incineration_tonne_n2o_per_tonne_wood,0.8,1.2,CircularEconomy,0,0,0,0
ef_waso_incineration_tonne_n2o_per_tonne_yard,0.8,1.2,CircularEconomy,0,0,0,0
elasticity_waso_msw_to_gdppc_food,0.1,16.6666666666667,CircularEconomy,0,0,0,0
elasticity_waso_msw_to_gdppc_glass,0.1,6.66666666666667,CircularEconomy,0,0,0,0
elasticity_waso_msw_to_gdppc_metal,0.1,6.66666666666667,CircularEconomy,0,0,0,0
elasticity_waso_msw_to_gdppc_nappies,0.1,33.3333333333333,CircularEconomy,0,0,0,0
elasticity_waso_msw_to_gdppc_other,0.1,33.3333333333333,CircularEconomy,0,0,0,0
elasticity_waso_msw_to_gdppc_paper,0.1,4.16666666666667,CircularEconomy,0,0,0,0
elasticity_waso_msw_to_gdppc_plastic,0.1,6.66666666666667,CircularEconomy,0,0,0,0
elasticity_waso_msw_to_gdppc_rubber_leather,0.1,6.66666666666667,CircularEconomy,0,0,0,0
elasticity_waso_msw_to_gdppc_textiles,0.1,33.3333333333333,CircularEconomy,0,0,0,0
elasticity_waso_msw_to_gdppc_wood,0.1,16.6666666666667,CircularEconomy,0,0,0,0
elasticity_waso_msw_to_gdppc_yard,0.1,16.6666666666667,CircularEconomy,0,0,0,0
historical_back_projection_growth_rate,0.5,2.0,CircularEconomy,0,0,0,0
mcf_waso_average_landfilled,0.76,1.66,CircularEconomy,0,0,0,0
mcf_waso_average_open_dump,0.76,1.66,CircularEconomy,0,0,0,0
physparam_waso_k_chemical_industrial,0.85,1.17,CircularEconomy,0,0,0,0
physparam_waso_k_food,0.53,1.48,CircularEconomy,0,0,0,0
physparam_waso_k_nappies,0.78,1.15,CircularEconomy,0,0,0,0
physparam_waso_k_paper,0.83,1.23,CircularEconomy,0,0,0,0
physparam_waso_k_sludge,0.53,1.48,CircularEconomy,0,0,0,0
physparam_waso_k_textiles,0.83,1.23,CircularEconomy,0,0,0,0
physparam_waso_k_wood,0.71,1.43,CircularEconomy,0,0,0,0
physparam_waso_k_yard,0.78,1.15,CircularEconomy,0,0,0,0
ef_trww_treated_advanced_aerobic_g_n2o_per_g_n,0.01,2.8125,CircularEconomy,0,0,0,0
ef_trww_treated_advanced_anaerobic_g_n2o_per_g_n,0.0,2.0,CircularEconomy,0,0,0,0
ef_trww_treated_latrine_improved_g_n2o_per_g_n,0.0,2.0,CircularEconomy,0,0,0,0
ef_trww_treated_latrine_unimproved_g_n2o_per_g_n,0.0,2.0,CircularEconomy,0,0,0,0
ef_trww_treated_primary_g_n2o_per_g_n,0.01,2.8125,CircularEconomy,0,0,0,0
ef_trww_treated_secondary_aerobic_g_n2o_per_g_n,0.01,2.8125,CircularEconomy,0,0,0,0
ef_trww_treated_secondary_anaerobic_g_n2o_per_g_n,0.0,2.0,CircularEconomy,0,0,0,0
ef_trww_untreated_no_sewerage_g_n2o_per_g_n,0.042,7.58,CircularEconomy,0,0,0,0
ef_trww_untreated_with_sewerage_g_n2o_per_g_n,0.042,7.58,CircularEconomy,0,0,0,0
frac_sludge_compliant_treated_septic,0.2,1.8,CircularEconomy,0,0,0,0
frac_trww_n_removed_treated_advanced_aerobic,0.5625,1.0625,CircularEconomy,0,0,0,0
frac_trww_n_removed_treated_advanced_anaerobic,0.5625,1.0625,CircularEconomy,0,0,0,0
frac_trww_n_removed_treated_latrine_improved,0.583,1.75,CircularEconomy,0,0,0,0
frac_trww_n_removed_treated_latrine_unimproved,0.583,1.75,CircularEconomy,0,0,0,0
frac_trww_n_removed_treated_primary,0.5,2.0,CircularEconomy,0,0,0,0
frac_trww_n_removed_treated_secondary_aerobic,0.875,1.375,CircularEconomy,0,0,0,0
frac_trww_n_removed_treated_secondary_anaerobic,0.875,1.375,CircularEconomy,0,0,0,0
frac_trww_n_removed_treated_septic,0.67,1.67,CircularEconomy,0,0,0,0
frac_trww_p_removed_treated_advanced_aerobic,0.833,1.3330000000000002,CircularEconomy,0,0,0,0
frac_trww_p_removed_treated_advanced_anaerobic,0.833,1.3330000000000002,CircularEconomy,0,0,0,0
frac_trww_tow_removed_treated_advanced_aerobic,0.889,1.056,CircularEconomy,0,0,0,0
frac_trww_tow_removed_treated_advanced_anaerobic,0.889,1.056,CircularEconomy,0,0,0,0
frac_trww_tow_removed_treated_latrine_improved,0.1169999999999999,2.326,CircularEconomy,0,0,0,0
frac_trww_tow_removed_treated_latrine_unimproved,0.1169999999999999,2.326,CircularEconomy,0,0,0,0
frac_trww_tow_removed_treated_primary,0.625,1.25,CircularEconomy,0,0,0,0
frac_trww_tow_removed_treated_secondary_aerobic,0.941,1.0590000000000002,CircularEconomy,0,0,0,0
frac_trww_tow_removed_treated_secondary_anaerobic,0.941,1.0590000000000002,CircularEconomy,0,0,0,0
frac_trww_tow_removed_treated_septic,0.8,1.2,CircularEconomy,0,0,0,0
frac_trww_tow_removed_untreated_no_sewerage,0.8,1.2,CircularEconomy,0,0,0,0
frac_trww_tow_removed_untreated_with_sewerage,0.8,1.2,CircularEconomy,0,0,0,0
mcf_trww_treated_advanced_aerobic,0.1,3.0,CircularEconomy,0,0,0,0
mcf_trww_treated_advanced_anaerobic,0.3329999999999999,1.6669999999999998,CircularEconomy,0,0,0,0
mcf_trww_treated_latrine_improved,0.14,2.86,CircularEconomy,0,0,0,0
mcf_trww_treated_latrine_unimproved,0.14,2.86,CircularEconomy,0,0,0,0
mcf_trww_treated_primary,0.1,3.0,CircularEconomy,0,0,0,0
mcf_trww_treated_secondary_aerobic,0.1,3.0,CircularEconomy,0,0,0,0
mcf_trww_treated_secondary_anaerobic,0.3329999999999999,1.6669999999999998,CircularEconomy,0,0,0,0
mcf_trww_treated_septic,0.8,1.44,CircularEconomy,0,0,0,0
mcf_trww_untreated_no_sewerage,0.0,2.67,CircularEconomy,0,0,0,0
mcf_trww_untreated_with_sewerage,0.8,1.2,CircularEconomy,0,0,0,0
physparam_krem_sludge_factor_treated_advanced_aerobic,0.46,1.39,CircularEconomy,0,0,0,0
physparam_krem_sludge_factor_treated_secondary_aerobic,0.46,1.39,CircularEconomy,0,0,0,0
occrateinit_gnrl_occupancy,0.5,1.5,CircularEconomy,0,0,0,0
qty_waso_initial_municipal_waste_tonne_per_capita,0.5,1.5,CircularEconomy,0,0,0,0
gasrf_waso_biogas,0.5,1.5,CircularEconomy,0,0,0,0
factor_waso_waste_per_capita_scalar_chemical_industrial,0.5,1.5,CircularEconomy,0,0,0,0
gasrf_waso_landfill_to_ch4,0.5,1.5,CircularEconomy,0,0,0,0
oxf_waso_average_landfilled,0.5,1.5,CircularEconomy,0,0,0,0
gasrf_trww_biogas_treated_advanced_anaerobic,0.5,1.5,CircularEconomy,0,0,0,0
frac_waso_non_recycled_open_dump,0.5,1.5,CircularEconomy,0,0,0,0
frac_waso_initial_composition_ind_food,0.5,1.5,CircularEconomy,0,0,0,0
frac_waso_initial_composition_ind_wood,0.5,1.5,CircularEconomy,0,0,0,0
factor_waso_waste_per_capita_scalar_plastic,0.5,1.5,CircularEconomy,0,0,0,0
frac_waso_initial_composition_mun_sludge,0.5,1.5,CircularEconomy,0,0,0,0
frac_waso_recycled_rubber_leather,0.5,1.5,CircularEconomy,0,0,0,0
frac_waso_compost_food,0.5,1.5,CircularEconomy,0,0,0,0
frac_waso_compost_sludge,0.5,1.5,CircularEconomy,0,0,0,0
frac_waso_recycled_glass,0.5,1.5,CircularEconomy,0,0,0,0
frac_waso_biogas_food,0.5,1.5,CircularEconomy,0,0,0,0
frac_waso_msw_incinerated_recovered_for_energy,0.5,1.5,CircularEconomy,0,0,0,0
factor_waso_waste_per_capita_scalar_sludge,0.5,1.5,CircularEconomy,0,0,0,0
frac_waso_initial_composition_ind_plastic,0.5,1.5,CircularEconomy,0,0,0,0
factor_waso_waste_per_capita_scalar_nappies,0.5,1.5,CircularEconomy,0,0,0,0
gasrf_trww_biogas_treated_secondary_anaerobic,0.5,1.5,CircularEconomy,0,0,0,0
param_wali_n_hh_scalar,0.5,1.5,CircularEconomy,0,0,0,0
frac_waso_recycled_wood,0.5,1.5,CircularEconomy,0,0,0,0
factor_waso_waste_per_capita_scalar_paper,0.5,1.5,CircularEconomy,0,0,0,0
frac_waso_initial_composition_ind_nappies,0.5,1.5,CircularEconomy,0,0,0,0
factor_waso_waste_per_capita_scalar_glass,0.5,1.5,CircularEconomy,0,0,0,0
frac_waso_non_recycled_incinerated,0.5,1.5,CircularEconomy,0,0,0,0
factor_waso_waste_per_capita_scalar_rubber_leather,0.5,1.5,CircularEconomy,0,0,0,0
vkmt_per_vehicle_waso,0.5,1.5,CircularEconomy,0,0,0,0
factor_waso_waste_per_capita_scalar_wood,0.5,1.5,CircularEconomy,0,0,0,0
frac_waso_recycled_textiles,0.5,1.5,CircularEconomy,0,0,0,0
qty_waso_industrial_waste_kt_per_mmm_gdp,0.5,1.5,CircularEconomy,0,0,0,0
frac_waso_initial_composition_ind_glass,0.5,1.5,CircularEconomy,0,0,0,0
frac_waso_non_recycled_landfilled,0.5,1.5,CircularEconomy,0,0,0,0
factor_waso_waste_per_capita_scalar_metal,0.5,1.5,CircularEconomy,0,0,0,0
frac_waso_initial_composition_ind_other,0.5,1.5,CircularEconomy,0,0,0,0
frac_waso_recycled_plastic,0.5,1.5,CircularEconomy,0,0,0,0
frac_waso_initial_composition_ind_rubber_leather,0.5,1.5,CircularEconomy,0,0,0,0
frac_waso_biogas_yard,0.5,1.5,CircularEconomy,0,0,0,0
frac_waso_recycled_metal,0.5,1.5,CircularEconomy,0,0,0,0
factor_waso_waste_per_capita_scalar_yard,0.5,1.5,CircularEconomy,0,0,0,0
elasticity_gnrl_rate_occupancy_to_gdppc,0.5,1.5,CircularEconomy,0,0,0,0
frac_waso_initial_composition_ind_paper,0.5,1.5,CircularEconomy,0,0,0,0
frac_waso_initial_composition_ind_yard,0.5,1.5,CircularEconomy,0,0,0,0
gasrf_trww_biogas_treated_secondary_aerobic,0.5,1.5,CircularEconomy,0,0,0,0
frac_waso_initial_composition_ind_textiles,0.5,1.5,CircularEconomy,0,0,0,0
frac_waso_initial_composition_ind_chemical_industrial,0.5,1.5,CircularEconomy,0,0,0,0
frac_waso_biogas_sludge,0.5,1.5,CircularEconomy,0,0,0,0
frac_waso_compost_methane_flared,0.5,1.5,CircularEconomy,0,0,0,0
frac_waso_initial_composition_ind_metal,0.5,1.5,CircularEconomy,0,0,0,0
frac_waso_compost_yard,0.5,1.5,CircularEconomy,0,0,0,0
frac_waso_lgc_recovered_for_energy,0.5,1.5,CircularEconomy,0,0,0,0
gasrf_trww_biogas_treated_advanced_aerobic,0.5,1.5,CircularEconomy,0,0,0,0
factor_waso_waste_per_capita_scalar_textiles,0.5,1.5,CircularEconomy,0,0,0,0
frac_waso_initial_composition_ind_sludge,0.5,1.5,CircularEconomy,0,0,0,0
frac_waso_initial_composition_mun_chemical_industrial,0.5,1.5,CircularEconomy,0,0,0,0
factor_waso_waste_per_capita_scalar_other,0.5,1.5,CircularEconomy,0,0,0,0
frac_waso_isw_incinerated_recovered_for_energy,0.5,1.5,CircularEconomy,0,0,0,0
elasticity_protein_in_diet_to_gdppc,0.5,1.5,CircularEconomy,0,0,0,0
frac_gnrl_eating_red_meat,0.5,1.5,CircularEconomy,0,0,0,0
frac_waso_recycled_paper,0.5,1.5,CircularEconomy,0,0,0,0
ef_ippu_tonne_co2_per_tonne_production_cement_clinker,0.8,1.2,IPPU,0,0,0,0
ef_ippu_tonne_co2_per_tonne_production_chemicals,0.8,1.2,IPPU,0,0,0,0
ef_ippu_tonne_co2_per_tonne_production_glass,0.8,1.2,IPPU,0,0,0,0
ef_ippu_tonne_co2_per_tonne_production_lime_and_carbonite,0.75,1.15,IPPU,0,0,0,0
ef_ippu_tonne_co2_per_tonne_production_metals,0.8,1.2,IPPU,0,0,0,0
ef_ippu_tonne_n2o_per_mmm_gdp_other_product_manufacturing,0.8,1.2,IPPU,0,0,0,0
ef_ippu_tonne_n2o_per_tonne_production_chemicals,0.8,1.2,IPPU,0,0,0,0
ef_ippu_tonne_sf6_per_mmm_gdp_other_product_manufacturing,0.8,1.2,IPPU,0,0,0,0
ef_ippu_tonne_sf6_per_tonne_production_electronics,0.8,1.2,IPPU,0,0,0,0
elasticity_ippu_cement_production_to_gdp,0.8,1.2,IPPU,0,0,0,0
elasticity_ippu_chemicals_production_to_gdp,0.8,1.2,IPPU,0,0,0,0
elasticity_ippu_electronics_production_to_gdp,0.8,1.2,IPPU,0,0,0,0
elasticity_ippu_glass_production_to_gdp,0.8,1.2,IPPU,0,0,0,0
elasticity_ippu_lime_and_carbonite_production_to_gdp,0.8,1.2,IPPU,0,0,0,0
elasticity_ippu_metals_production_to_gdp,0.8,1.2,IPPU,0,0,0,0
elasticity_ippu_paper_production_to_gdp,0.8,1.2,IPPU,0,0,0,0
elasticity_ippu_plastic_production_to_gdp,0.8,1.2,IPPU,0,0,0,0
elasticity_ippu_rubber_and_leather_production_to_gdp,0.8,1.2,IPPU,0,0,0,0
elasticity_ippu_textiles_production_to_gdp,0.8,1.2,IPPU,0,0,0,0
prodinit_ippu_recycled_glass_tonne,0.8,1.2,IPPU,0,0,0,0
prodinit_ippu_recycled_metals_tonne,0.8,1.2,IPPU,0,0,0,0
prodinit_ippu_recycled_paper_tonne,0.8,1.2,IPPU,0,0,0,0
prodinit_ippu_recycled_plastic_tonne,0.8,1.2,IPPU,0,0,0,0
prodinit_ippu_recycled_rubber_and_leather_tonne,0.8,1.2,IPPU,0,0,0,0
prodinit_ippu_recycled_textiles_tonne,0.8,1.2,IPPU,0,0,0,0
qty_ippu_cement_tonne_cod_per_m3_ww,0.8,1.2,IPPU,0,0,0,0
qty_ippu_chemicals_tonne_cod_per_m3_ww,0.8,1.2,IPPU,0,0,0,0
qty_ippu_electronics_tonne_cod_per_m3_ww,0.8,1.2,IPPU,0,0,0,0
qty_ippu_glass_tonne_cod_per_m3_ww,0.8,1.2,IPPU,0,0,0,0
qty_ippu_lime_and_carbonite_tonne_cod_per_m3_ww,0.8,1.2,IPPU,0,0,0,0
qty_ippu_metals_tonne_cod_per_m3_ww,0.8,1.2,IPPU,0,0,0,0
qty_ippu_paper_tonne_cod_per_m3_ww,0.8,1.2,IPPU,0,0,0,0
qty_ippu_plastic_tonne_cod_per_m3_ww,0.8,1.2,IPPU,0,0,0,0
qty_ippu_recycled_metals_tonne_cod_per_m3_ww,0.8,1.2,IPPU,0,0,0,0
qty_ippu_recycled_paper_tonne_cod_per_m3_ww,0.8,1.2,IPPU,0,0,0,0
qty_ippu_recycled_plastic_tonne_cod_per_m3_ww,0.8,1.2,IPPU,0,0,0,0
qty_ippu_recycled_rubber_and_leather_tonne_cod_per_m3_ww,0.8,1.2,IPPU,0,0,0,0
qty_ippu_recycled_textiles_tonne_cod_per_m3_ww,0.8,1.2,IPPU,0,0,0,0
qty_ippu_rubber_and_leather_tonne_cod_per_m3_ww,0.8,1.2,IPPU,0,0,0,0
qty_ippu_textiles_tonne_cod_per_m3_ww,0.8,1.2,IPPU,0,0,0,0
vol_ippu_cement_m3_ww_per_tonne_production,0.8,1.2,IPPU,0,0,0,0
vol_ippu_chemicals_m3_ww_per_tonne_production,0.8,1.2,IPPU,0,0,0,0
vol_ippu_electronics_m3_ww_per_tonne_production,0.8,1.2,IPPU,0,0,0,0
vol_ippu_glass_m3_ww_per_tonne_production,0.8,1.2,IPPU,0,0,0,0
vol_ippu_lime_and_carbonite_m3_ww_per_tonne_production,0.8,1.2,IPPU,0,0,0,0
vol_ippu_metals_m3_ww_per_tonne_production,0.8,1.2,IPPU,0,0,0,0
vol_ippu_paper_m3_ww_per_tonne_production,0.8,1.2,IPPU,0,0,0,0
vol_ippu_plastic_m3_ww_per_tonne_production,0.8,1.2,IPPU,0,0,0,0
vol_ippu_recycled_metals_m3_ww_per_tonne_production,0.8,1.2,IPPU,0,0,0,0
vol_ippu_recycled_paper_m3_ww_per_tonne_production,0.8,1.2,IPPU,0,0,0,0
vol_ippu_recycled_plastic_m3_ww_per_tonne_production,0.8,1.2,IPPU,0,0,0,0
vol_ippu_recycled_rubber_and_leather_m3_ww_per_tonne_production,0.8,1.2,IPPU,0,0,0,0
vol_ippu_recycled_textiles_m3_ww_per_tonne_production,0.8,1.2,IPPU,0,0,0,0
vol_ippu_rubber_and_leather_m3_ww_per_tonne_production,0.8,1.2,IPPU,0,0,0,0
vol_ippu_textiles_m3_ww_per_tonne_production,0.8,1.2,IPPU,0,0,0,0
net_imports_cement_clinker_tonne,0.9,1.1,IPPU,0,0,0,0
frac_ippu_cement_clinker,0.93,1.02,IPPU,0,0,0,0
ef_ippu_tonne_c2hf5_per_mmm_gdp_product_use_ods_refrigeration,1e-08,0.0003,IPPU,0,0,0,0
ef_ippu_tonne_chf3_per_mmm_gdp_product_use_ods_refrigeration,1e-08,0.0003,IPPU,0,0,0,0
ef_ippu_tonne_chf2cf3_per_mmm_gdp_product_use_ods_refrigeration,1e-08,0.0003,IPPU,0,0,0,0
ef_ippu_tonne_c2h3f3_per_mmm_gdp_product_use_ods_refrigeration,1e-08,0.0003,IPPU,0,0,0,0
ef_ippu_tonne_cf4_per_tonne_production_electronics,1e-08,0.0003,IPPU,0,0,0,0
ef_ippu_tonne_cf4_per_mmm_gdp_product_use_ods_other,1e-08,0.0003,IPPU,0,0,0,0
ef_ippu_tonne_ch3chf2_per_mmm_gdp_product_use_ods_refrigeration,1e-08,0.0003,IPPU,0,0,0,0
ef_ippu_tonne_c2f6_per_mmm_gdp_product_use_ods_other,1e-08,0.0003,IPPU,0,0,0,0
ef_ippu_tonne_c5h2f10_per_mmm_gdp_product_use_ods_other,1e-08,0.0003,IPPU,0,0,0,0
ef_ippu_tonne_chf3_per_mmm_gdp_product_use_ods_other,1e-08,0.0003,IPPU,0,0,0,0
ef_ippu_tonne_ch4_per_tonne_production_plastic,1e-08,0.0003,IPPU,0,0,0,0
ef_ippu_tonne_c2f6_per_tonne_production_electronics,1e-08,0.0003,IPPU,0,0,0,0
ef_ippu_tonne_ch2f2_per_tonne_production_electronics,1e-08,0.0003,IPPU,0,0,0,0
ef_ippu_tonne_ch3chf2_per_mmm_gdp_product_use_ods_other,1e-08,0.0003,IPPU,0,0,0,0
ef_ippu_tonne_ch4_per_tonne_production_chemicals,1e-08,0.0003,IPPU,0,0,0,0
ef_ippu_tonne_cc4f8_per_tonne_production_electronics,1e-08,0.0003,IPPU,0,0,0,0
ef_ippu_tonne_chf2cf3_per_mmm_gdp_product_use_ods_other,1e-08,0.0003,IPPU,0,0,0,0
ef_ippu_tonne_ch2f2_per_mmm_gdp_product_use_ods_refrigeration,1e-08,0.0003,IPPU,0,0,0,0
ef_ippu_tonne_c2hf5_per_mmm_gdp_product_use_ods_other,1e-08,0.0003,IPPU,0,0,0,0
ef_ippu_tonne_ch4_per_tonne_production_metals,1e-08,0.0003,IPPU,0,0,0,0
ef_ippu_tonne_c6f14_per_mmm_gdp_product_use_ods_other,1e-08,0.0003,IPPU,0,0,0,0
ef_ippu_tonne_c4h5f5_per_mmm_gdp_product_use_ods_other,1e-08,0.0003,IPPU,0,0,0,0
demscalar_ippu_metals,0.5,1.5,IPPU,0,0,0,0
demscalar_ippu_paper,0.5,1.5,IPPU,0,0,0,0
demscalar_ippu_other_product_manufacturing,0.5,1.5,IPPU,0,0,0,0
ef_ippu_tonne_co2_per_tonne_production_plastic,0.5,1.5,IPPU,0,0,0,0
demscalar_ippu_cement,0.5,1.5,IPPU,0,0,0,0
demscalar_ippu_construction_and_demolition,0.5,1.5,IPPU,0,0,0,0
demscalar_ippu_lime_and_carbonite,0.5,1.5,IPPU,0,0,0,0
demscalar_ippu_other_industries,0.5,1.5,IPPU,0,0,0,0
demscalar_ippu_textiles,0.5,1.5,IPPU,0,0,0,0
demscalar_ippu_rubber_and_leather,0.5,1.5,IPPU,0,0,0,0
demscalar_ippu_electronics,0.5,1.5,IPPU,0,0,0,0
demscalar_ippu_plastic,0.5,1.5,IPPU,0,0,0,0
demscalar_ippu_glass,0.5,1.5,IPPU,0,0,0,0
demscalar_ippu_chemicals,0.5,1.5,IPPU,0,0,0,0
gdp_mmm_usd,0.005,2.0,IPPU,1,0,0,0
genfactor_lvst_daily_volatile_solids_cattle_nondairy,0.95,1.012,AFOLU,0,0,0,0
mcf_lsmm_deep_bedding,0.313230481533426,1.7578307620383302,AFOLU,0,0,0,0
mcf_lsmm_daily_spread,0.185185185185185,1.85185185185185,AFOLU,0,0,0,0
mcf_lsmm_composting,0.588235294117647,1.3725490196078405,AFOLU,0,0,0,0
mcf_lsmm_anaerobic_lagoon,0.709117221418234,1.15774240231548,AFOLU,0,0,0,0
mcf_lsmm_anaerobic_digester,0.9707808564231728,1.02292191435768,AFOLU,0,0,0,0
frac_lsmm_n_loss_volatilisation_storage_solid,0.4788213627992629,1.6427255985266995,AFOLU,0,0,0,0
mcf_lsmm_dry_lot,0.6666666666666661,1.33333333333333,AFOLU,0,0,0,0
frac_lsmm_n_loss_volatilisation_poultry_manure,0.9090909090909092,1.09090909090909,AFOLU,0,0,0,0
frac_lsmm_n_loss_volatilisation_liquid_slurry,0.280851063829787,1.77872340425531,AFOLU,0,0,0,0
frac_lsmm_n_loss_volatilisation_incineration,0.9,1.1,AFOLU,0,0,0,0
frac_lsmm_n_loss_volatilisation_dry_lot,0.9,1.1,AFOLU,0,0,0,0
frac_lsmm_n_loss_volatilisation_deep_bedding,0.9,1.1,AFOLU,0,0,0,0
frac_lsmm_n_loss_volatilisation_daily_spread,0.9,1.1,AFOLU,0,0,0,0
frac_lsmm_n_loss_volatilisation_composting,0.9566929133858258,1.04330708661417,AFOLU,0,0,0,0
frac_lsmm_n_loss_volatilisation_paddock_pasture_range,0.9,1.1,AFOLU,0,0,0,0
mcf_lsmm_incineration,0.95,1.05,AFOLU,0,0,0,0
mcf_lsmm_liquid_slurry,0.29681597409606,1.77010253642741,AFOLU,0,0,0,0
mcf_lsmm_paddock_pasture_range,0.95,1.05,AFOLU,0,0,0,0
frac_lndu_soil_mineral_forests_mangroves,0.95,1.05,AFOLU,0,0,0,0
frac_lndu_soil_mineral_croplands,0.95,1.05,AFOLU,0,0,0,0
ef_soil_ef4_n_volatilisation_n2o_wet_climate,0.785714285714285,1.21428571428571,AFOLU,0,0,0,0
ef_soil_ef2_n_drained_managed_soils_n2o_tropical_forest_kg_n2on_ha,0.5416666666666661,1.4583333333333302,AFOLU,0,0,0,0
ef_soil_ef2_n_drained_managed_soils_n2o_tropical_crop_grass_kg_n2on_ha,0.4599999999999989,1.54,AFOLU,0,0,0,0
ef_soil_ef2_n_drained_managed_soils_n2o_temperate_forest_nutrient_rich_kg_n2on_ha,0.593749999999999,1.40625,AFOLU,0,0,0,0
ef_soil_ef2_n_drained_managed_soils_n2o_temperate_forest_nutrient_poor_kg_n2on_ha,0.681818181818181,1.27272727272727,AFOLU,0,0,0,0
ef_soil_ef2_n_drained_managed_soils_n2o_temperate_crop_grass_kg_n2on_ha,0.592592592592592,1.4074074074074,AFOLU,0,0,0,0
ef_soil_ef1_n_synthetic_fertilizer_n2o_wet_climate,0.8125,1.1875,AFOLU,0,0,0,0
ef_soil_ef1_n_organic_amerndments_fertilizer_n2o_wet_climate,0.166666666666666,1.8333333333333304,AFOLU,0,0,0,0
ef_soil_c_liming_limestone,0.5,1.5,AFOLU,0,0,0,0
ef_soil_c_liming_dolomite,0.5,1.5,AFOLU,0,0,0,0
ratio_lsmm_n2_to_n2o,0.3329999999999999,3.333,AFOLU,0,0,0,0
mcf_lsmm_storage_solid,0.526315789473684,1.33971291866028,AFOLU,0,0,0,0
mcf_lsmm_poultry_manure,0.95,1.05,AFOLU,0,0,0,0
frac_lsmm_n_loss_volatilisation_anaerobic_lagoon,0.9,1.1,AFOLU,0,0,0,0
frac_lsmm_n_loss_volatilisation_anaerobic_digester,0.9,1.1,AFOLU,0,0,0,0
frac_lsmm_n_loss_leaching_poultry_manure,0.9,1.1,AFOLU,0,0,0,0
frac_lsmm_n_loss_leaching_paddock_pasture_range,0.9,1.1,AFOLU,0,0,0,0
ef_lsmm_direct_management_anaerobic_digester_n2o_per_n,0.9,1.1,AFOLU,0,0,0,0
physparam_lvst_bo_sheep_kg_ch4_kg_manure,0.8125,1.1875,AFOLU,0,0,0,0
physparam_lvst_bo_pigs_kg_ch4_kg_manure,0.783783783783783,1.21621621621621,AFOLU,0,0,0,0
physparam_lvst_bo_mules_kg_ch4_kg_manure,0.8813559322033891,1.11864406779661,AFOLU,0,0,0,0
physparam_lvst_bo_horses_kg_ch4_kg_manure,0.928571428571428,1.07142857142857,AFOLU,0,0,0,0
physparam_lvst_bo_goats_kg_ch4_kg_manure,0.838709677419354,1.16129032258064,AFOLU,0,0,0,0
physparam_lvst_bo_chickens_kg_ch4_kg_manure,0.790123456790123,1.28395061728395,AFOLU,0,0,0,0
physparam_lvst_bo_cattle_nondairy_kg_ch4_kg_manure,0.838709677419354,1.16129032258064,AFOLU,0,0,0,0
physparam_lvst_bo_cattle_dairy_kg_ch4_kg_manure,0.702702702702702,1.29729729729729,AFOLU,0,0,0,0
physparam_lvst_bo_buffalo_kg_ch4_kg_manure,0.9,1.1,AFOLU,0,0,0,0
genfactor_lvst_daily_volatile_solids_sheep,0.9,1.1,AFOLU,0,0,0,0
genfactor_lvst_daily_volatile_solids_pigs,0.66,1.66,AFOLU,0,0,0,0
genfactor_lvst_daily_volatile_solids_mules,0.9,1.1,AFOLU,0,0,0,0
genfactor_lvst_daily_volatile_solids_horses,0.9,1.1,AFOLU,0,0,0,0
ef_lsmm_direct_management_composting_n2o_per_n,0.7692307692307689,1.53846153846153,AFOLU,0,0,0,0
frac_lndu_soil_mineral_forests_primary,0.95,1.05,AFOLU,0,0,0,0
ef_lsmm_direct_management_deep_bedding_n2o_per_n,0.24,1.75,AFOLU,0,0,0,0
ef_lsmm_direct_management_poultry_manure_n2o_per_n,0.9,1.1,AFOLU,0,0,0,0
frac_lsmm_n_loss_leaching_liquid_slurry,0.9,1.1,AFOLU,0,0,0,0
frac_lsmm_n_loss_leaching_incineration,0.9,1.1,AFOLU,0,0,0,0
frac_lsmm_n_loss_leaching_dry_lot,0.9,1.1,AFOLU,0,0,0,0
frac_lsmm_n_loss_leaching_deep_bedding,0.9,1.1,AFOLU,0,0,0,0
frac_lsmm_n_loss_leaching_daily_spread,0.9,1.1,AFOLU,0,0,0,0
frac_lsmm_n_loss_leaching_anaerobic_lagoon,0.9,1.1,AFOLU,0,0,0,0
frac_lsmm_n_loss_leaching_anaerobic_digester,0.9,1.1,AFOLU,0,0,0,0
frac_lsmm_manure_to_fertilizer_storage_solid,0.9,1.11,AFOLU,0,0,0,0
frac_lsmm_manure_to_fertilizer_poultry_manure,0.9,1.11,AFOLU,0,0,0,0
frac_lsmm_manure_to_fertilizer_liquid_slurry,0.9,1.11,AFOLU,0,0,0,0
frac_lsmm_manure_to_fertilizer_dry_lot,0.9,1.11,AFOLU,0,0,0,0
frac_lsmm_manure_to_fertilizer_deep_bedding,0.9,1.11,AFOLU,0,0,0,0
frac_lsmm_manure_to_fertilizer_daily_spread,0.9,1.11,AFOLU,0,0,0,0
frac_lsmm_manure_to_fertilizer_anaerobic_lagoon,0.9,1.11,AFOLU,0,0,0,0
ef_lsmm_direct_management_storage_solid_n2o_per_n,0.667,1.3330000000000002,AFOLU,0,0,0,0
ef_lsmm_direct_management_dry_lot_n2o_per_n,0.9,1.1,AFOLU,0,0,0,0
frac_lndu_soil_mineral_forests_secondary,0.95,1.05,AFOLU,0,0,0,0
frac_lndu_soil_mineral_grasslands,0.95,1.05,AFOLU,0,0,0,0
frac_soil_gasf_n_volatilisation_synthetic_fertilizer_urea,0.2,2.8666666666666605,AFOLU,0,0,0,0
pij_lndu_other_to_forests_primary,0.9,1.1,AFOLU,0,0,6,0
pij_lndu_other_to_forests_mangroves,0.9,1.1,AFOLU,0,0,6,0
pij_lndu_other_to_croplands,0.9,1.1,AFOLU,0,0,6,0
pij_lndu_grasslands_to_wetlands,0.9,1.1,AFOLU,0,0,5,0
pij_lndu_grasslands_to_settlements,0.9,1.1,AFOLU,0,0,5,0
pij_lndu_grasslands_to_other,0.9,1.1,AFOLU,0,0,5,0
pij_lndu_grasslands_to_grasslands,0.9,1.1,AFOLU,0,0,5,0
pij_lndu_grasslands_to_forests_secondary,0.9,1.1,AFOLU,0,0,5,0
pij_lndu_grasslands_to_forests_primary,0.9,1.1,AFOLU,0,0,5,0
pij_lndu_grasslands_to_forests_mangroves,0.9,1.1,AFOLU,0,0,5,0
pij_lndu_grasslands_to_croplands,0.9,1.1,AFOLU,0,0,5,0
pij_lndu_forests_secondary_to_wetlands,0.9,1.1,AFOLU,0,0,4,0
pij_lndu_forests_secondary_to_settlements,0.9,1.1,AFOLU,0,0,4,0
pij_lndu_forests_secondary_to_other,0.9,1.1,AFOLU,0,0,4,0
pij_lndu_forests_secondary_to_grasslands,0.9,1.1,AFOLU,0,0,4,0
pij_lndu_other_to_forests_secondary,0.9,1.1,AFOLU,0,0,6,0
pij_lndu_forests_secondary_to_forests_secondary,0.9,1.1,AFOLU,0,0,4,0
pij_lndu_other_to_grasslands,0.9,1.1,AFOLU,0,0,6,0
pij_lndu_other_to_settlements,0.9,1.1,AFOLU,0,0,6,0
pij_lndu_wetlands_to_other,0.9,1.1,AFOLU,0,0,8,0
pij_lndu_wetlands_to_grasslands,0.9,1.1,AFOLU,0,0,8,0
pij_lndu_wetlands_to_forests_secondary,0.9,1.1,AFOLU,0,0,8,0
pij_lndu_wetlands_to_forests_primary,0.9,1.1,AFOLU,0,0,8,0
pij_lndu_wetlands_to_forests_mangroves,0.9,1.1,AFOLU,0,0,8,0
pij_lndu_wetlands_to_croplands,0.9,1.1,AFOLU,0,0,8,0
pij_lndu_settlements_to_wetlands,0.9,1.1,AFOLU,0,0,7,0
pij_lndu_settlements_to_settlements,0.9,1.1,AFOLU,0,0,7,0
pij_lndu_settlements_to_other,0.9,1.1,AFOLU,0,0,7,0
pij_lndu_settlements_to_grasslands,0.9,1.1,AFOLU,0,0,7,0
pij_lndu_settlements_to_forests_secondary,0.9,1.1,AFOLU,0,0,7,0
pij_lndu_settlements_to_forests_primary,0.9,1.1,AFOLU,0,0,7,0
pij_lndu_settlements_to_forests_mangroves,0.9,1.1,AFOLU,0,0,7,0
pij_lndu_settlements_to_croplands,0.9,1.1,AFOLU,0,0,7,0
pij_lndu_other_to_wetlands,0.9,1.1,AFOLU,0,0,6,0
pij_lndu_other_to_other,0.9,1.1,AFOLU,0,0,6,0
genfactor_lvst_daily_volatile_solids_goats,0.9,1.1,AFOLU,0,0,0,0
pij_lndu_forests_secondary_to_forests_primary,0.9,1.1,AFOLU,0,0,4,0
pij_lndu_forests_secondary_to_croplands,0.9,1.1,AFOLU,0,0,4,0
pij_lndu_croplands_to_grasslands,0.9,1.1,AFOLU,0,0,1,0
pij_lndu_croplands_to_forests_secondary,0.9,1.1,AFOLU,0,0,1,0
pij_lndu_croplands_to_forests_primary,0.9,1.1,AFOLU,0,0,1,0
pij_lndu_croplands_to_forests_mangroves,0.9,1.1,AFOLU,0,0,1,0
pij_lndu_croplands_to_croplands,0.9,1.1,AFOLU,0,0,1,0
ratio_soil_organic_matter_c_to_n,0.8,1.5,AFOLU,0,0,0,0
frac_soil_leachh_n_lost_to_leaching,0.041666666666667,3.0416666666666603,AFOLU,0,0,0,0
pij_lndu_croplands_to_other,0.9,1.1,AFOLU,0,0,1,0
pij_lndu_forests_secondary_to_forests_mangroves,0.9,1.1,AFOLU,0,0,4,0
pij_lndu_croplands_to_settlements,0.9,1.1,AFOLU,0,0,1,0
pij_lndu_forests_mangroves_to_croplands,0.9,1.1,AFOLU,0,0,2,0
pij_lndu_forests_primary_to_wetlands,0.9,1.1,AFOLU,0,0,3,0
pij_lndu_forests_primary_to_settlements,0.9,1.1,AFOLU,0,0,3,0
pij_lndu_forests_primary_to_other,0.9,1.1,AFOLU,0,0,3,0
pij_lndu_forests_primary_to_grasslands,0.9,1.1,AFOLU,0,0,3,0
pij_lndu_forests_primary_to_forests_secondary,0.9,1.1,AFOLU,0,0,3,0
pij_lndu_forests_primary_to_forests_primary,0.9,1.1,AFOLU,0,0,3,0
pij_lndu_forests_primary_to_forests_mangroves,0.9,1.1,AFOLU,0,0,3,0
pij_lndu_forests_primary_to_croplands,0.9,1.1,AFOLU,0,0,3,0
pij_lndu_forests_mangroves_to_wetlands,0.9,1.1,AFOLU,0,0,2,0
pij_lndu_forests_mangroves_to_settlements,0.9,1.1,AFOLU,0,0,2,0
pij_lndu_forests_mangroves_to_other,0.9,1.1,AFOLU,0,0,2,0
pij_lndu_forests_mangroves_to_grasslands,0.9,1.1,AFOLU,0,0,2,0
pij_lndu_forests_mangroves_to_forests_secondary,0.9,1.1,AFOLU,0,0,2,0
pij_lndu_forests_mangroves_to_forests_primary,0.9,1.1,AFOLU,0,0,2,0
pij_lndu_forests_mangroves_to_forests_mangroves,0.9,1.1,AFOLU,0,0,2,0
pij_lndu_croplands_to_wetlands,0.9,1.1,AFOLU,0,0,1,0
genfactor_lvst_daily_volatile_solids_chickens,0.99,1.163,AFOLU,0,0,0,0
pij_lndu_wetlands_to_wetlands,0.9,1.1,AFOLU,0,0,8,0
genfactor_lvst_daily_volatile_solids_cattle_dairy,0.9,1.139,AFOLU,0,0,0,0
ef_frst_forestfires_primary_co2,0.95,1.05,AFOLU,0,0,0,0
ef_frst_forestfires_mangroves_co2,0.95,1.05,AFOLU,0,0,0,0
ef_frst_c_per_wood_products,0.8,1.2,AFOLU,0,0,0,0
ratio_agrc_below_ground_to_above_ground_biomass_tubers,0.5,1.5,AFOLU,0,0,0,0
ratio_agrc_below_ground_to_above_ground_biomass_pulses,0.55,1.45,AFOLU,0,0,0,0
ratio_agrc_below_ground_to_above_ground_biomass_other_annual,0.55,1.45,AFOLU,0,0,0,0
ratio_agrc_below_ground_to_above_ground_biomass_cereals,0.75,1.25,AFOLU,0,0,0,0
frac_agrc_n_in_below_ground_residue_tubers,0.25,1.75,AFOLU,0,0,0,0
frac_agrc_n_in_below_ground_residue_rice,0.25,1.75,AFOLU,0,0,0,0
frac_agrc_n_in_below_ground_residue_pulses,0.25,1.75,AFOLU,0,0,0,0
frac_agrc_n_in_below_ground_residue_other_annual,0.25,1.75,AFOLU,0,0,0,0
frac_agrc_n_in_below_ground_residue_cereals,0.25,1.75,AFOLU,0,0,0,0
frac_agrc_n_in_above_ground_residue_tubers,0.25,1.75,AFOLU,0,0,0,0
frac_agrc_n_in_above_ground_residue_rice,0.25,1.75,AFOLU,0,0,0,0
frac_agrc_n_in_above_ground_residue_pulses,0.25,1.75,AFOLU,0,0,0,0
frac_agrc_n_in_above_ground_residue_other_annual,0.25,1.75,AFOLU,0,0,0,0
frac_agrc_n_in_above_ground_residue_cereals,0.25,1.75,AFOLU,0,0,0,0
ef_agrc_biomass_other_woody_perennial_tonne_co2_ha,0.8,1.2,AFOLU,0,0,0,0
ef_agrc_biomass_nuts_tonne_co2_ha,0.8,1.2,AFOLU,0,0,0,0
ef_agrc_biomass_fruits_tonne_co2_ha,0.8,1.2,AFOLU,0,0,0,0
ef_agrc_biomass_burning_n2o,0.8,1.2,AFOLU,0,0,0,0
ef_agrc_biomass_bevs_and_spices_tonne_co2_ha,0.8,1.2,AFOLU,0,0,0,0
ef_agrc_anaerobicdom_rice_kg_ch4_ha,0.6,1.74,AFOLU,0,0,0,0
ef_frst_forestfires_secondary_co2,0.95,1.05,AFOLU,0,0,0,0
hl_frst_half_life_hwp_paper_products,0.75,1.25,AFOLU,0,0,0,0
ratio_agrc_below_ground_to_above_ground_biomass_rice,0.65,1.35,AFOLU,0,0,0,0
qty_frst_biomass_consumed_by_fire_temperate_primary_tonne_per_ha,0.7,1.35,AFOLU,0,0,0,0
genfactor_lvst_daily_volatile_solids_buffalo,0.9,1.1,AFOLU,0,0,0,0
genfactor_lvst_daily_nitrogen_sheep,0.9,1.1,AFOLU,0,0,0,0
genfactor_lvst_daily_nitrogen_pigs,0.932203389830508,1.13559322033898,AFOLU,0,0,0,0
genfactor_lvst_daily_nitrogen_mules,0.9,1.1,AFOLU,0,0,0,0
genfactor_lvst_daily_nitrogen_horses,0.9,1.1,AFOLU,0,0,0,0
genfactor_lvst_daily_nitrogen_goats,0.9,1.1,AFOLU,0,0,0,0
hl_frst_half_life_hwp_wood_products,0.75,1.25,AFOLU,0,0,0,0
genfactor_lvst_daily_nitrogen_cattle_nondairy,0.935483870967741,1.16129032258064,AFOLU,0,0,0,0
genfactor_lvst_daily_nitrogen_cattle_dairy,0.7179487179487181,1.53846153846153,AFOLU,0,0,0,0
genfactor_lvst_daily_nitrogen_buffalo,0.9,1.1,AFOLU,0,0,0,0
ef_lvst_entferm_sheep_kg_ch4_head,0.71,1.29,AFOLU,0,0,0,0
ef_lvst_entferm_pigs_kg_ch4_head,0.8,1.2,AFOLU,0,0,0,0
genfactor_lvst_daily_nitrogen_chickens,0.941666666666666,1.78333333333333,AFOLU,0,0,0,0
ef_lvst_entferm_horses_kg_ch4_head,0.8,1.2,AFOLU,0,0,0,0
ef_lvst_entferm_mules_kg_ch4_head,0.8,1.2,AFOLU,0,0,0,0
qty_frst_biomass_consumed_by_fire_temperate_secondary_tonne_per_ha,0.7,1.35,AFOLU,0,0,0,0
qty_frst_biomass_consumed_by_fire_tropical_primary_tonne_per_ha,0.75,1.25,AFOLU,0,0,0,0
qty_frst_biomass_consumed_by_fire_tropical_secondary_tonne_per_ha,0.9,1.2,AFOLU,0,0,0,0
ef_lndu_boc_wetlands_gg_ch4_ha,0.8,1.2,AFOLU,0,0,0,0
pij_lndu_wetlands_to_settlements,0.9,1.1,AFOLU,0,0,8,0
scalar_lndu_vegetarian_dietary_exchange,0.6,1.4,AFOLU,0,0,0,0
ef_lvst_entferm_buffalo_kg_ch4_head,0.9,1.1,AFOLU,0,0,0,0
ef_lvst_entferm_cattle_dairy_kg_ch4_head,0.9,1.2,AFOLU,0,0,0,0
ef_lvst_entferm_cattle_nondairy_kg_ch4_head,0.95,1.05,AFOLU,0,0,0,0
ef_lvst_entferm_goats_kg_ch4_head,0.71,1.29,AFOLU,0,0,0,0
elasticity_agrc_tubers_demand_to_income,0.8,1.2,AFOLU,0,1,0,0
elasticity_agrc_sugar_cane_demand_to_income,0.8,1.2,AFOLU,0,1,0,0
elasticity_agrc_rice_demand_to_income,0.8,1.2,AFOLU,0,1,0,0
elasticity_agrc_pulses_demand_to_income,0.8,1.2,AFOLU,0,1,0,0
elasticity_agrc_other_woody_perennial_demand_to_income,0.8,1.2,AFOLU,0,1,0,0
elasticity_agrc_nuts_demand_to_income,0.8,1.2,AFOLU,0,1,0,0
elasticity_agrc_vegetables_and_vines_demand_to_income,0.8,1.2,AFOLU,0,1,0,0
elasticity_agrc_herbs_and_other_perennial_crops_demand_to_income,0.8,1.2,AFOLU,0,1,0,0
elasticity_agrc_fruits_demand_to_income,0.8,1.2,AFOLU,0,1,0,0
elasticity_agrc_fibers_demand_to_income,0.8,1.2,AFOLU,0,1,0,0
elasticity_agrc_other_annual_demand_to_income,0.8,1.2,AFOLU,0,1,0,0
elasticity_agrc_cereals_demand_to_income,0.8,1.2,AFOLU,0,1,0,0
elasticity_agrc_bevs_and_spices_demand_to_income,0.8,1.2,AFOLU,0,1,0,0
ef_frst_sequestration_mangroves_kt_co2_ha,0.1,10.0,AFOLU,0,2,0,0
ef_frst_sequestration_primary_kt_co2_ha,0.1,10.0,AFOLU,0,2,0,0
ef_frst_sequestration_secondary_kt_co2_ha,0.1,10.0,AFOLU,0,2,0,0
ef_lndu_conv_forests_secondary_to_forests_mangroves_gg_co2_ha,0.8,1.2,AFOLU,0,3,0,0
ef_lndu_conv_forests_primary_to_forests_mangroves_gg_co2_ha,0.8,1.2,AFOLU,0,3,0,0
ef_lndu_conv_forests_primary_to_forests_primary_gg_co2_ha,0.8,1.2,AFOLU,0,3,0,0
ef_lndu_conv_forests_primary_to_forests_secondary_gg_co2_ha,0.8,1.2,AFOLU,0,3,0,0
ef_lndu_conv_forests_primary_to_grasslands_gg_co2_ha,0.8,1.2,AFOLU,0,3,0,0
ef_lndu_conv_forests_primary_to_other_gg_co2_ha,0.8,1.2,AFOLU,0,3,0,0
ef_lndu_conv_forests_primary_to_settlements_gg_co2_ha,0.8,1.2,AFOLU,0,3,0,0
ef_lndu_conv_forests_secondary_to_croplands_gg_co2_ha,0.8,1.2,AFOLU,0,3,0,0
ef_lndu_conv_forests_primary_to_croplands_gg_co2_ha,0.8,1.2,AFOLU,0,3,0,0
ef_lndu_conv_forests_secondary_to_forests_primary_gg_co2_ha,0.8,1.2,AFOLU,0,3,0,0
ef_lndu_conv_forests_secondary_to_forests_secondary_gg_co2_ha,0.8,1.2,AFOLU,0,3,0,0
ef_lndu_conv_forests_secondary_to_grasslands_gg_co2_ha,0.8,1.2,AFOLU,0,3,0,0
ef_lndu_conv_forests_secondary_to_other_gg_co2_ha,0.8,1.2,AFOLU,0,3,0,0
ef_lndu_conv_forests_primary_to_wetlands_gg_co2_ha,0.8,1.2,AFOLU,0,3,0,0
ef_lndu_conv_forests_mangroves_to_wetlands_gg_co2_ha,0.8,1.2,AFOLU,0,3,0,0
ef_lndu_conv_forests_mangroves_to_other_gg_co2_ha,0.8,1.2,AFOLU,0,3,0,0
ef_lndu_conv_forests_secondary_to_settlements_gg_co2_ha,0.8,1.2,AFOLU,0,3,0,0
ef_lndu_conv_forests_mangroves_to_grasslands_gg_co2_ha,0.8,1.2,AFOLU,0,3,0,0
ef_lndu_conv_forests_mangroves_to_forests_secondary_gg_co2_ha,0.8,1.2,AFOLU,0,3,0,0
ef_lndu_conv_forests_mangroves_to_forests_primary_gg_co2_ha,0.8,1.2,AFOLU,0,3,0,0
ef_lndu_conv_forests_mangroves_to_forests_mangroves_gg_co2_ha,0.8,1.2,AFOLU,0,3,0,0
ef_lndu_conv_forests_mangroves_to_croplands_gg_co2_ha,0.8,1.2,AFOLU,0,3,0,0
ef_lndu_conv_croplands_to_wetlands_gg_co2_ha,0.8,1.2,AFOLU,0,3,0,0
ef_lndu_conv_croplands_to_settlements_gg_co2_ha,0.8,1.2,AFOLU,0,3,0,0
ef_lndu_conv_croplands_to_other_gg_co2_ha,0.8,1.2,AFOLU,0,3,0,0
ef_lndu_conv_croplands_to_grasslands_gg_co2_ha,0.8,1.2,AFOLU,0,3,0,0
ef_lndu_conv_croplands_to_forests_secondary_gg_co2_ha,0.8,1.2,AFOLU,0,3,0,0
ef_lndu_conv_croplands_to_forests_primary_gg_co2_ha,0.8,1.2,AFOLU,0,3,0,0
ef_lndu_conv_croplands_to_forests_mangroves_gg_co2_ha,0.8,1.2,AFOLU,0,3,0,0
ef_lndu_conv_croplands_to_croplands_gg_co2_ha,0.8,1.2,AFOLU,0,3,0,0
ef_lndu_conv_forests_mangroves_to_settlements_gg_co2_ha,0.8,1.2,AFOLU,0,3,0,0
ef_lndu_conv_forests_secondary_to_wetlands_gg_co2_ha,0.8,1.2,AFOLU,0,3,0,0
ef_lndu_conv_wetlands_to_forests_primary_gg_co2_ha,0.8,1.2,AFOLU,0,3,0,0
ef_lndu_conv_grasslands_to_forests_mangroves_gg_co2_ha,0.8,1.2,AFOLU,0,3,0,0
ef_lndu_conv_wetlands_to_wetlands_gg_co2_ha,0.8,1.2,AFOLU,0,3,0,0
ef_lndu_conv_wetlands_to_settlements_gg_co2_ha,0.8,1.2,AFOLU,0,3,0,0
ef_lndu_conv_wetlands_to_other_gg_co2_ha,0.8,1.2,AFOLU,0,3,0,0
ef_lndu_conv_wetlands_to_grasslands_gg_co2_ha,0.8,1.2,AFOLU,0,3,0,0
ef_lndu_conv_wetlands_to_forests_secondary_gg_co2_ha,0.8,1.2,AFOLU,0,3,0,0
ef_lndu_conv_wetlands_to_forests_mangroves_gg_co2_ha,0.8,1.2,AFOLU,0,3,0,0
ef_lndu_conv_grasslands_to_croplands_gg_co2_ha,0.8,1.2,AFOLU,0,3,0,0
ef_lndu_conv_settlements_to_wetlands_gg_co2_ha,0.8,1.2,AFOLU,0,3,0,0
ef_lndu_conv_settlements_to_settlements_gg_co2_ha,0.8,1.2,AFOLU,0,3,0,0
ef_lndu_conv_settlements_to_other_gg_co2_ha,0.8,1.2,AFOLU,0,3,0,0
ef_lndu_conv_settlements_to_grasslands_gg_co2_ha,0.8,1.2,AFOLU,0,3,0,0
ef_lndu_conv_settlements_to_forests_secondary_gg_co2_ha,0.8,1.2,AFOLU,0,3,0,0
ef_lndu_conv_settlements_to_forests_primary_gg_co2_ha,0.8,1.2,AFOLU,0,3,0,0
ef_lndu_conv_settlements_to_forests_mangroves_gg_co2_ha,0.8,1.2,AFOLU,0,3,0,0
ef_lndu_conv_settlements_to_croplands_gg_co2_ha,0.8,1.2,AFOLU,0,3,0,0
ef_lndu_conv_wetlands_to_croplands_gg_co2_ha,0.8,1.2,AFOLU,0,3,0,0
ef_lndu_conv_other_to_settlements_gg_co2_ha,0.8,1.2,AFOLU,0,3,0,0
ef_lndu_conv_other_to_other_gg_co2_ha,0.8,1.2,AFOLU,0,3,0,0
ef_lndu_conv_other_to_grasslands_gg_co2_ha,0.8,1.2,AFOLU,0,3,0,0
ef_lndu_conv_other_to_forests_secondary_gg_co2_ha,0.8,1.2,AFOLU,0,3,0,0
ef_lndu_conv_other_to_forests_primary_gg_co2_ha,0.8,1.2,AFOLU,0,3,0,0
ef_lndu_conv_other_to_forests_mangroves_gg_co2_ha,0.8,1.2,AFOLU,0,3,0,0
ef_lndu_conv_other_to_croplands_gg_co2_ha,0.8,1.2,AFOLU,0,3,0,0
ef_lndu_conv_grasslands_to_wetlands_gg_co2_ha,0.8,1.2,AFOLU,0,3,0,0
ef_lndu_conv_other_to_wetlands_gg_co2_ha,0.8,1.2,AFOLU,0,3,0,0
ef_lndu_conv_grasslands_to_forests_primary_gg_co2_ha,0.8,1.2,AFOLU,0,3,0,0
ef_lndu_conv_grasslands_to_settlements_gg_co2_ha,0.8,1.2,AFOLU,0,3,0,0
ef_lndu_conv_grasslands_to_other_gg_co2_ha,0.8,1.2,AFOLU,0,3,0,0
ef_lndu_conv_grasslands_to_grasslands_gg_co2_ha,0.8,1.2,AFOLU,0,3,0,0
ef_lndu_conv_grasslands_to_forests_secondary_gg_co2_ha,0.8,1.2,AFOLU,0,3,0,0
avgmass_lvst_animal_sheep_kg,0.9,1.1,AFOLU,0,4,0,0
avgmass_lvst_animal_pigs_kg,0.9076923076923068,1.2461538461538402,AFOLU,0,4,0,0
avgmass_lvst_animal_mules_kg,0.9,1.1,AFOLU,0,4,0,0
avgmass_lvst_animal_buffalo_kg,0.9,1.1,AFOLU,0,4,0,0
avgmass_lvst_animal_cattle_dairy_kg,0.9842519685039368,1.02362204724409,AFOLU,0,4,0,0
avgmass_lvst_animal_horses_kg,0.9,1.1,AFOLU,0,4,0,0
avgmass_lvst_animal_goats_kg,0.9,1.1,AFOLU,0,4,0,0
avgmass_lvst_animal_cattle_nondairy_kg,0.9735973597359732,1.08580858085808,AFOLU,0,4,0,0
avgmass_lvst_animal_chickens_kg,0.9,1.3,AFOLU,0,4,0,0
elasticity_lvst_cattle_dairy_demand_to_gdppc,0.8,1.2,AFOLU,0,5,0,0
elasticity_lvst_cattle_nondairy_demand_to_gdppc,0.8,1.2,AFOLU,0,5,0,0
elasticity_lvst_chickens_demand_to_gdppc,0.8,1.2,AFOLU,0,5,0,0
elasticity_lvst_pigs_demand_to_gdppc,0.8,1.2,AFOLU,0,5,0,0
elasticity_lvst_sheep_demand_to_gdppc,0.8,1.2,AFOLU,0,5,0,0
qty_lsmm_nitrogen_in_bedding_kg_per_head_deep_bedding,0.1849710982658949,1.61849710982658,AFOLU,0,6,0,0
qty_lsmm_nitrogen_in_bedding_kg_per_head_storage_solid,0.1849710982658949,1.61849710982658,AFOLU,0,6,0,0
ef_soil_c_cultivated_organic_temperate_crop_grass_tonne_per_ha,0.1,1.9,AFOLU,0,7,0,0
ef_soil_c_cultivated_organic_tropical_crop_grass_tonne_per_ha,0.1,1.9,AFOLU,0,7,0,0
pij_calib,0.0,1.0,AFOLU,0,999,0,1
efficfactor_ccsq_heat_energy_direct_air_capture_geothermal,0.95,1.04,AllEnergy,0,0,0,0
efficfactor_ccsq_heat_energy_direct_air_capture_hydrogen,0.9375,1.225,AllEnergy,0,0,0,0
efficfactor_ccsq_heat_energy_direct_air_capture_natural_gas,0.875,1.125,AllEnergy,0,0,0,0
energy_intensity_ccsq_direct_air_capture_gj_per_tonne_co2,0.9,1.1,AllEnergy,0,0,0,0
frac_ccsq_energydem_direct_air_capture_electricity,1.0,1.0,AllEnergy,0,0,0,0
frac_ccsq_energydem_direct_air_capture_heat,1.0,1.0,AllEnergy,0,0,0,0
qty_ccsq_mt_co2_captured_sequestered_by_direct_air_capture,1.0,1.0,AllEnergy,0,0,0,0
ef_enfu_combustion_tonne_co2_per_tj_fuel_biofuels,0.811030741410488,1.29249547920434,AllEnergy,0,0,0,0
ef_enfu_combustion_tonne_co2_per_tj_fuel_biogas,0.846153846153846,1.2087912087912,AllEnergy,0,0,0,0
ef_enfu_combustion_tonne_co2_per_tj_fuel_biomass,0.781030728284539,1.27752238083716,AllEnergy,0,0,0,0
ef_enfu_combustion_tonne_co2_per_tj_fuel_coal,0.899845387390482,1.18536333963236,AllEnergy,0,0,0,0
ef_enfu_combustion_tonne_co2_per_tj_fuel_coke,0.798394863563403,1.14606741573033,AllEnergy,0,0,0,0
ef_enfu_combustion_tonne_co2_per_tj_fuel_diesel,0.979757085020243,1.00944669365722,AllEnergy,0,0,0,0
ef_enfu_combustion_tonne_co2_per_tj_fuel_electricity,1.0,1.0,AllEnergy,0,0,0,0
ef_enfu_combustion_tonne_co2_per_tj_fuel_furnace_gas,0.656108597285067,1.39366515837104,AllEnergy,0,0,0,0
ef_enfu_combustion_tonne_co2_per_tj_fuel_hydrocarbon_gas_liquids,0.976228209191759,1.03961965134706,AllEnergy,0,0,0,0
ef_enfu_combustion_tonne_co2_per_tj_fuel_gasoline,0.967510750119445,1.04634495938843,AllEnergy,0,0,0,0
ef_enfu_combustion_tonne_co2_per_tj_fuel_geothermal,1.0,1.0,AllEnergy,0,0,0,0
ef_enfu_combustion_tonne_co2_per_tj_fuel_hydrogen,1.0,1.0,AllEnergy,0,0,0,0
ef_enfu_combustion_tonne_co2_per_tj_fuel_hydropower,1.0,1.0,AllEnergy,0,0,0,0
ef_enfu_combustion_tonne_co2_per_tj_fuel_kerosene,0.972105997210599,1.03765690376569,AllEnergy,0,0,0,0
ef_enfu_combustion_tonne_co2_per_tj_fuel_natural_gas,0.902743142144638,1.17040731504571,AllEnergy,0,0,0,0
ef_enfu_combustion_tonne_co2_per_tj_fuel_nuclear,1.0,1.0,AllEnergy,0,0,0,0
ef_enfu_combustion_tonne_co2_per_tj_fuel_ocean,1.0,1.0,AllEnergy,0,0,0,0
ef_enfu_combustion_tonne_co2_per_tj_fuel_oil,0.912209889001009,1.06559031281533,AllEnergy,0,0,0,0
ef_enfu_combustion_tonne_co2_per_tj_fuel_other,0.717391304347826,1.3148667601683,AllEnergy,0,0,0,0
ef_enfu_combustion_tonne_co2_per_tj_fuel_solar,1.0,1.0,AllEnergy,0,0,0,0
ef_enfu_combustion_tonne_co2_per_tj_fuel_waste,0.8,1.2,AllEnergy,0,0,0,0
ef_enfu_combustion_tonne_co2_per_tj_fuel_wind,1.0,1.0,AllEnergy,0,0,0,0
ef_enfu_stationary_combustion_tonne_ch4_per_tj_fuel_biofuels,0.333333333333333,3.33333333333333,AllEnergy,0,0,0,0
ef_enfu_stationary_combustion_tonne_ch4_per_tj_fuel_biogas,0.3,3.0,AllEnergy,0,0,0,0
ef_enfu_stationary_combustion_tonne_ch4_per_tj_fuel_biomass,0.01875,6.25,AllEnergy,0,0,0,0
ef_enfu_stationary_combustion_tonne_ch4_per_tj_fuel_coal,0.3,3.0,AllEnergy,0,0,0,0
ef_enfu_stationary_combustion_tonne_ch4_per_tj_fuel_coke,0.18,6.0,AllEnergy,0,0,0,0
ef_enfu_stationary_combustion_tonne_ch4_per_tj_fuel_diesel,0.333333333333333,3.33333333333333,AllEnergy,0,0,0,0
ef_enfu_stationary_combustion_tonne_ch4_per_tj_fuel_electricity,1.0,1.0,AllEnergy,0,0,0,0
ef_enfu_stationary_combustion_tonne_ch4_per_tj_fuel_furnace_gas,0.3,3.0,AllEnergy,0,0,0,0
ef_enfu_stationary_combustion_tonne_ch4_per_tj_fuel_hydrocarbon_gas_liquids,0.3,3.0,AllEnergy,0,0,0,0
ef_enfu_stationary_combustion_tonne_ch4_per_tj_fuel_gasoline,0.333333333333333,3.33333333333333,AllEnergy,0,0,0,0
ef_enfu_stationary_combustion_tonne_ch4_per_tj_fuel_geothermal,1.0,1.0,AllEnergy,0,0,0,0
ef_enfu_stationary_combustion_tonne_ch4_per_tj_fuel_hydrogen,1.0,1.0,AllEnergy,0,0,0,0
ef_enfu_stationary_combustion_tonne_ch4_per_tj_fuel_hydropower,1.0,1.0,AllEnergy,0,0,0,0
ef_enfu_stationary_combustion_tonne_ch4_per_tj_fuel_kerosene,0.333333333333333,3.33333333333333,AllEnergy,0,0,0,0
ef_enfu_stationary_combustion_tonne_ch4_per_tj_fuel_natural_gas,0.15,5.0,AllEnergy,0,0,0,0
ef_enfu_stationary_combustion_tonne_ch4_per_tj_fuel_nuclear,1.0,1.0,AllEnergy,0,0,0,0
ef_enfu_stationary_combustion_tonne_ch4_per_tj_fuel_ocean,1.0,1.0,AllEnergy,0,0,0,0
ef_enfu_stationary_combustion_tonne_ch4_per_tj_fuel_oil,0.102564102564102,10.2564102564102,AllEnergy,0,0,0,0
ef_enfu_stationary_combustion_tonne_ch4_per_tj_fuel_other,0.3,3.0,AllEnergy,0,0,0,0
ef_enfu_stationary_combustion_tonne_ch4_per_tj_fuel_solar,1.0,1.0,AllEnergy,0,0,0,0
ef_enfu_stationary_combustion_tonne_ch4_per_tj_fuel_waste,0.8,1.2,AllEnergy,0,0,0,0
ef_enfu_stationary_combustion_tonne_ch4_per_tj_fuel_wind,1.0,1.0,AllEnergy,0,0,0,0
ef_enfu_stationary_combustion_tonne_n2o_per_tj_fuel_biofuels,0.333333333333333,3.33333333333333,AllEnergy,0,0,0,0
ef_enfu_stationary_combustion_tonne_n2o_per_tj_fuel_biogas,0.299999999999999,2.99999999999999,AllEnergy,0,0,0,0
ef_enfu_stationary_combustion_tonne_n2o_per_tj_fuel_biomass,0.17391304347826,7.30434782608695,AllEnergy,0,0,0,0
ef_enfu_stationary_combustion_tonne_n2o_per_tj_fuel_coal,0.333333333333333,3.33333333333333,AllEnergy,0,0,0,0
ef_enfu_stationary_combustion_tonne_n2o_per_tj_fuel_coke,0.0409090909090909,6.81818181818181,AllEnergy,0,0,0,0
ef_enfu_stationary_combustion_tonne_n2o_per_tj_fuel_diesel,0.333333333333333,3.33333333333333,AllEnergy,0,0,0,0
ef_enfu_stationary_combustion_tonne_n2o_per_tj_fuel_electricity,1.0,1.0,AllEnergy,0,0,0,0
ef_enfu_stationary_combustion_tonne_n2o_per_tj_fuel_furnace_gas,0.299999999999999,3.0,AllEnergy,0,0,0,0
ef_enfu_stationary_combustion_tonne_n2o_per_tj_fuel_hydrocarbon_gas_liquids,0.299999999999999,3.0,AllEnergy,0,0,0,0
ef_enfu_stationary_combustion_tonne_n2o_per_tj_fuel_gasoline,0.333333333333333,3.33333333333333,AllEnergy,0,0,0,0
ef_enfu_stationary_combustion_tonne_n2o_per_tj_fuel_geothermal,1.0,1.0,AllEnergy,0,0,0,0
ef_enfu_stationary_combustion_tonne_n2o_per_tj_fuel_hydrogen,1.0,1.0,AllEnergy,0,0,0,0
ef_enfu_stationary_combustion_tonne_n2o_per_tj_fuel_hydropower,1.0,1.0,AllEnergy,0,0,0,0
ef_enfu_stationary_combustion_tonne_n2o_per_tj_fuel_kerosene,0.333333333333333,3.33333333333333,AllEnergy,0,0,0,0
ef_enfu_stationary_combustion_tonne_n2o_per_tj_fuel_natural_gas,0.0857142857142857,5.71428571428571,AllEnergy,0,0,0,0
ef_enfu_stationary_combustion_tonne_n2o_per_tj_fuel_nuclear,1.0,1.0,AllEnergy,0,0,0,0
ef_enfu_stationary_combustion_tonne_n2o_per_tj_fuel_ocean,1.0,1.0,AllEnergy,0,0,0,0
ef_enfu_stationary_combustion_tonne_n2o_per_tj_fuel_oil,0.137931034482758,10.3448275862069,AllEnergy,0,0,0,0
ef_enfu_stationary_combustion_tonne_n2o_per_tj_fuel_other,0.333333333333333,3.33333333333333,AllEnergy,0,0,0,0
ef_enfu_stationary_combustion_tonne_n2o_per_tj_fuel_solar,1.0,1.0,AllEnergy,0,0,0,0
ef_enfu_stationary_combustion_tonne_n2o_per_tj_fuel_waste,0.8,1.2,AllEnergy,0,0,0,0
ef_enfu_stationary_combustion_tonne_n2o_per_tj_fuel_wind,1.0,1.0,AllEnergy,0,0,0,0
energydensity_enfu_mj_per_litre_fuel_biofuels,0.95,1.05,AllEnergy,0,0,0,0
energydensity_enfu_mj_per_litre_fuel_biogas,0.95,1.05,AllEnergy,0,0,0,0
energydensity_enfu_mj_per_litre_fuel_biomass,0.95,1.05,AllEnergy,0,0,0,0
energydensity_enfu_mj_per_litre_fuel_coal,0.95,1.05,AllEnergy,0,0,0,0
energydensity_enfu_mj_per_litre_fuel_coke,0.95,1.05,AllEnergy,0,0,0,0
energydensity_enfu_mj_per_litre_fuel_diesel,0.95,1.05,AllEnergy,0,0,0,0
energydensity_enfu_mj_per_litre_fuel_furnace_gas,0.95,1.05,AllEnergy,0,0,0,0
energydensity_enfu_mj_per_litre_fuel_hydrocarbon_gas_liquids,0.95,1.05,AllEnergy,0,0,0,0
energydensity_enfu_mj_per_litre_fuel_gasoline,0.95,1.05,AllEnergy,0,0,0,0
energydensity_enfu_mj_per_litre_fuel_hydrogen,0.95,1.05,AllEnergy,0,0,0,0
energydensity_enfu_mj_per_litre_fuel_kerosene,0.95,1.05,AllEnergy,0,0,0,0
energydensity_enfu_mj_per_litre_fuel_natural_gas,0.95,1.05,AllEnergy,0,0,0,0
energydensity_enfu_mj_per_litre_fuel_oil,0.95,1.05,AllEnergy,0,0,0,0
energydensity_gravimetric_enfu_gj_per_tonne_fuel_biogas,1.0,1.0,AllEnergy,0,0,0,0
energydensity_gravimetric_enfu_gj_per_tonne_fuel_nuclear,1.0,1.0,AllEnergy,0,0,0,0
energydensity_gravimetric_enfu_gj_per_tonne_fuel_waste,0.8,1.2,AllEnergy,0,0,0,0
frac_enfu_minimum_fuel_to_electricity_fuel_biogas,1.0,1.0,AllEnergy,0,0,0,0
frac_enfu_minimum_fuel_to_electricity_fuel_waste,1.0,1.0,AllEnergy,0,0,0,0
frac_enfu_transmission_loss_fuel_electricity,0.9,1.1,AllEnergy,0,0,0,0
nemomod_enst_frac_storage_charged_initial_st_batteries,1.0,1.0,AllEnergy,0,0,0,0
nemomod_enst_frac_storage_charged_initial_st_compressed_air,1.0,1.0,AllEnergy,0,0,0,0
nemomod_enst_frac_storage_charged_initial_st_flywheels,1.0,1.0,AllEnergy,0,0,0,0
nemomod_enst_residual_capacity_st_batteries_gwh,1.0,1.0,AllEnergy,0,0,0,0
nemomod_enst_residual_capacity_st_compressed_air_gwh,1.0,1.0,AllEnergy,0,0,0,0
nemomod_enst_residual_capacity_st_flywheels_gwh,1.0,1.0,AllEnergy,0,0,0,0
nemomod_enst_total_annual_max_capacity_investment_st_batteries_pj,1.0,1.0,AllEnergy,0,0,0,0
nemomod_enst_total_annual_max_capacity_investment_st_compressed_air_pj,1.0,1.0,AllEnergy,0,0,0,0
nemomod_enst_total_annual_max_capacity_investment_st_flywheels_pj,1.0,1.0,AllEnergy,0,0,0,0
nemomod_enst_total_annual_max_capacity_st_batteries_pj,1.0,1.0,AllEnergy,0,0,0,0
nemomod_enst_total_annual_max_capacity_st_compressed_air_pj,1.0,1.0,AllEnergy,0,0,0,0
nemomod_enst_total_annual_max_capacity_st_flywheels_pj,1.0,1.0,AllEnergy,0,0,0,0
nemomod_enst_total_annual_min_capacity_investment_st_batteries_pj,1.0,1.0,AllEnergy,0,0,0,0
nemomod_enst_total_annual_min_capacity_investment_st_compressed_air_pj,1.0,1.0,AllEnergy,0,0,0,0
nemomod_enst_total_annual_min_capacity_investment_st_flywheels_pj,1.0,1.0,AllEnergy,0,0,0,0
nemomod_enst_total_annual_min_capacity_st_batteries_pj,1.0,1.0,AllEnergy,0,0,0,0
nemomod_enst_total_annual_min_capacity_st_compressed_air_pj,1.0,1.0,AllEnergy,0,0,0,0
nemomod_enst_total_annual_min_capacity_st_flywheels_pj,1.0,1.0,AllEnergy,0,0,0,0
efficfactor_entc_technology_fuel_use_pp_biogas,0.9,1.1,AllEnergy,0,0,0,0
efficfactor_entc_technology_fuel_use_pp_biomass,0.8,1.2,AllEnergy,0,0,0,0
efficfactor_entc_technology_fuel_use_pp_coal,0.8,1.2,AllEnergy,0,0,0,0
efficfactor_entc_technology_fuel_use_pp_gas,0.8,1.2,AllEnergy,0,0,0,0
efficfactor_entc_technology_fuel_use_pp_geothermal,0.8,1.2,AllEnergy,0,0,0,0
efficfactor_entc_technology_fuel_use_pp_hydropower,0.8,1.2,AllEnergy,0,0,0,0
efficfactor_entc_technology_fuel_use_pp_nuclear,0.8,1.2,AllEnergy,0,0,0,0
efficfactor_entc_technology_fuel_use_pp_ocean,0.8,1.2,AllEnergy,0,0,0,0
efficfactor_entc_technology_fuel_use_pp_oil,0.8,1.2,AllEnergy,0,0,0,0
efficfactor_entc_technology_fuel_use_pp_solar,0.8,1.2,AllEnergy,0,0,0,0
efficfactor_entc_technology_fuel_use_pp_waste_incineration,0.8,1.2,AllEnergy,0,0,0,0
efficfactor_entc_technology_fuel_use_pp_wind,0.8,1.2,AllEnergy,0,0,0,0
efficfactor_entc_technology_fuel_use_st_batteries,0.85,1.15,AllEnergy,0,0,0,0
efficfactor_entc_technology_fuel_use_st_compressed_air,0.9,1.1,AllEnergy,0,0,0,0
efficfactor_entc_technology_fuel_use_st_flywheels,0.85,1.15,AllEnergy,0,0,0,0
nemomod_entc_emissions_activity_ratio_scalar_pp_biogas_ch4,1.0,1.0,AllEnergy,0,0,0,0
nemomod_entc_emissions_activity_ratio_scalar_pp_biogas_co2,1.0,1.0,AllEnergy,0,0,0,0
nemomod_entc_emissions_activity_ratio_scalar_pp_biogas_n2o,1.0,1.0,AllEnergy,0,0,0,0
nemomod_entc_emissions_activity_ratio_scalar_pp_biomass_ch4,1.0,1.0,AllEnergy,0,0,0,0
nemomod_entc_emissions_activity_ratio_scalar_pp_biomass_co2,1.0,1.0,AllEnergy,0,0,0,0
nemomod_entc_emissions_activity_ratio_scalar_pp_biomass_n2o,1.0,1.0,AllEnergy,0,0,0,0
nemomod_entc_emissions_activity_ratio_scalar_pp_coal_ch4,1.0,1.0,AllEnergy,0,0,0,0
nemomod_entc_emissions_activity_ratio_scalar_pp_coal_co2,1.0,1.0,AllEnergy,0,0,0,0
nemomod_entc_emissions_activity_ratio_scalar_pp_coal_n2o,1.0,1.0,AllEnergy,0,0,0,0
nemomod_entc_emissions_activity_ratio_scalar_pp_gas_ch4,1.0,1.0,AllEnergy,0,0,0,0
nemomod_entc_emissions_activity_ratio_scalar_pp_gas_co2,1.0,1.0,AllEnergy,0,0,0,0
nemomod_entc_emissions_activity_ratio_scalar_pp_gas_n2o,1.0,1.0,AllEnergy,0,0,0,0
nemomod_entc_emissions_activity_ratio_scalar_pp_geothermal_ch4,1.0,1.0,AllEnergy,0,0,0,0
nemomod_entc_emissions_activity_ratio_scalar_pp_geothermal_co2,1.0,1.0,AllEnergy,0,0,0,0
nemomod_entc_emissions_activity_ratio_scalar_pp_geothermal_n2o,1.0,1.0,AllEnergy,0,0,0,0
nemomod_entc_emissions_activity_ratio_scalar_pp_hydropower_ch4,1.0,1.0,AllEnergy,0,0,0,0
nemomod_entc_emissions_activity_ratio_scalar_pp_hydropower_co2,1.0,1.0,AllEnergy,0,0,0,0
nemomod_entc_emissions_activity_ratio_scalar_pp_hydropower_n2o,1.0,1.0,AllEnergy,0,0,0,0
nemomod_entc_emissions_activity_ratio_scalar_pp_nuclear_ch4,1.0,1.0,AllEnergy,0,0,0,0
nemomod_entc_emissions_activity_ratio_scalar_pp_nuclear_co2,1.0,1.0,AllEnergy,0,0,0,0
nemomod_entc_emissions_activity_ratio_scalar_pp_nuclear_n2o,1.0,1.0,AllEnergy,0,0,0,0
nemomod_entc_emissions_activity_ratio_scalar_pp_ocean_ch4,1.0,1.0,AllEnergy,0,0,0,0
nemomod_entc_emissions_activity_ratio_scalar_pp_ocean_co2,1.0,1.0,AllEnergy,0,0,0,0
nemomod_entc_emissions_activity_ratio_scalar_pp_ocean_n2o,1.0,1.0,AllEnergy,0,0,0,0
nemomod_entc_emissions_activity_ratio_scalar_pp_oil_ch4,1.0,1.0,AllEnergy,0,0,0,0
nemomod_entc_emissions_activity_ratio_scalar_pp_oil_co2,1.0,1.0,AllEnergy,0,0,0,0
nemomod_entc_emissions_activity_ratio_scalar_pp_oil_n2o,1.0,1.0,AllEnergy,0,0,0,0
nemomod_entc_emissions_activity_ratio_scalar_pp_solar_ch4,1.0,1.0,AllEnergy,0,0,0,0
nemomod_entc_emissions_activity_ratio_scalar_pp_solar_co2,1.0,1.0,AllEnergy,0,0,0,0
nemomod_entc_emissions_activity_ratio_scalar_pp_solar_n2o,1.0,1.0,AllEnergy,0,0,0,0
nemomod_entc_emissions_activity_ratio_scalar_pp_waste_incineration_ch4,1.0,1.0,AllEnergy,0,0,0,0
nemomod_entc_emissions_activity_ratio_scalar_pp_waste_incineration_co2,1.0,1.0,AllEnergy,0,0,0,0
nemomod_entc_emissions_activity_ratio_scalar_pp_waste_incineration_n2o,1.0,1.0,AllEnergy,0,0,0,0
nemomod_entc_emissions_activity_ratio_scalar_pp_wind_ch4,1.0,1.0,AllEnergy,0,0,0,0
nemomod_entc_emissions_activity_ratio_scalar_pp_wind_co2,1.0,1.0,AllEnergy,0,0,0,0
nemomod_entc_emissions_activity_ratio_scalar_pp_wind_n2o,1.0,1.0,AllEnergy,0,0,0,0
nemomod_entc_reserve_margin_tag_technology_pp_biogas,1.0,1.0,AllEnergy,0,0,0,0
nemomod_entc_reserve_margin_tag_technology_pp_biomass,1.0,1.0,AllEnergy,0,0,0,0
nemomod_entc_reserve_margin_tag_technology_pp_coal,1.0,1.0,AllEnergy,0,0,0,0
nemomod_entc_reserve_margin_tag_technology_pp_gas,1.0,1.0,AllEnergy,0,0,0,0
nemomod_entc_reserve_margin_tag_technology_pp_geothermal,1.0,1.0,AllEnergy,0,0,0,0
nemomod_entc_reserve_margin_tag_technology_pp_hydropower,1.0,1.0,AllEnergy,0,0,0,0
nemomod_entc_reserve_margin_tag_technology_pp_nuclear,1.0,1.0,AllEnergy,0,0,0,0
nemomod_entc_reserve_margin_tag_technology_pp_ocean,1.0,1.0,AllEnergy,0,0,0,0
nemomod_entc_reserve_margin_tag_technology_pp_oil,1.0,1.0,AllEnergy,0,0,0,0
nemomod_entc_reserve_margin_tag_technology_pp_solar,1.0,1.0,AllEnergy,0,0,0,0
nemomod_entc_reserve_margin_tag_technology_pp_waste_incineration,1.0,1.0,AllEnergy,0,0,0,0
nemomod_entc_reserve_margin_tag_technology_pp_wind,1.0,1.0,AllEnergy,0,0,0,0
nemomod_entc_reserve_margin_tag_technology_st_batteries,1.0,1.0,AllEnergy,0,0,0,0
nemomod_entc_reserve_margin_tag_technology_st_compressed_air,1.0,1.0,AllEnergy,0,0,0,0
nemomod_entc_reserve_margin_tag_technology_st_flywheels,1.0,1.0,AllEnergy,0,0,0,0
nemomod_entc_total_annual_max_capacity_investment_pp_biogas_gw,1.0,1.0,AllEnergy,0,0,0,0
nemomod_entc_total_annual_max_capacity_investment_pp_biomass_gw,1.0,1.0,AllEnergy,0,0,0,0
nemomod_entc_total_annual_max_capacity_investment_pp_coal_gw,1.0,1.0,AllEnergy,0,0,0,0
nemomod_entc_total_annual_max_capacity_investment_pp_gas_gw,1.0,1.0,AllEnergy,0,0,0,0
nemomod_entc_total_annual_max_capacity_investment_pp_geothermal_gw,1.0,1.0,AllEnergy,0,0,0,0
nemomod_entc_total_annual_max_capacity_investment_pp_hydropower_gw,1.0,1.0,AllEnergy,0,0,0,0
nemomod_entc_total_annual_max_capacity_investment_pp_nuclear_gw,1.0,1.0,AllEnergy,0,0,0,0
nemomod_entc_total_annual_max_capacity_investment_pp_ocean_gw,1.0,1.0,AllEnergy,0,0,0,0
nemomod_entc_total_annual_max_capacity_investment_pp_oil_gw,1.0,1.0,AllEnergy,0,0,0,0
nemomod_entc_total_annual_max_capacity_investment_pp_solar_gw,1.0,1.0,AllEnergy,0,0,0,0
nemomod_entc_total_annual_max_capacity_investment_pp_waste_incineration_gw,1.0,1.0,AllEnergy,0,0,0,0
nemomod_entc_total_annual_max_capacity_investment_pp_wind_gw,1.0,1.0,AllEnergy,0,0,0,0
nemomod_entc_total_annual_max_capacity_pp_biogas_gw,1.0,1.0,AllEnergy,0,0,0,0
nemomod_entc_total_annual_max_capacity_pp_biomass_gw,1.0,1.0,AllEnergy,0,0,0,0
nemomod_entc_total_annual_max_capacity_pp_coal_gw,1.0,1.0,AllEnergy,0,0,0,0
nemomod_entc_total_annual_max_capacity_pp_gas_gw,1.0,1.0,AllEnergy,0,0,0,0
nemomod_entc_total_annual_max_capacity_pp_geothermal_gw,1.0,1.0,AllEnergy,0,0,0,0
nemomod_entc_total_annual_max_capacity_pp_hydropower_gw,1.0,1.0,AllEnergy,0,0,0,0
nemomod_entc_total_annual_max_capacity_pp_nuclear_gw,1.0,1.0,AllEnergy,0,0,0,0
nemomod_entc_total_annual_max_capacity_pp_ocean_gw,1.0,1.0,AllEnergy,0,0,0,0
nemomod_entc_total_annual_max_capacity_pp_oil_gw,1.0,1.0,AllEnergy,0,0,0,0
nemomod_entc_total_annual_max_capacity_pp_solar_gw,1.0,1.0,AllEnergy,0,0,0,0
nemomod_entc_total_annual_max_capacity_pp_waste_incineration_gw,1.0,1.0,AllEnergy,0,0,0,0
nemomod_entc_total_annual_max_capacity_pp_wind_gw,1.0,1.0,AllEnergy,0,0,0,0
nemomod_entc_total_annual_min_capacity_investment_pp_biogas_gw,1.0,1.0,AllEnergy,0,0,0,0
nemomod_entc_total_annual_min_capacity_investment_pp_biomass_gw,1.0,1.0,AllEnergy,0,0,0,0
nemomod_entc_total_annual_min_capacity_investment_pp_coal_gw,1.0,1.0,AllEnergy,0,0,0,0
nemomod_entc_total_annual_min_capacity_investment_pp_gas_gw,1.0,1.0,AllEnergy,0,0,0,0
nemomod_entc_total_annual_min_capacity_investment_pp_geothermal_gw,1.0,1.0,AllEnergy,0,0,0,0
nemomod_entc_total_annual_min_capacity_investment_pp_hydropower_gw,1.0,1.0,AllEnergy,0,0,0,0
nemomod_entc_total_annual_min_capacity_investment_pp_nuclear_gw,1.0,1.0,AllEnergy,0,0,0,0
nemomod_entc_total_annual_min_capacity_investment_pp_ocean_gw,1.0,1.0,AllEnergy,0,0,0,0
nemomod_entc_total_annual_min_capacity_investment_pp_oil_gw,1.0,1.0,AllEnergy,0,0,0,0
nemomod_entc_total_annual_min_capacity_investment_pp_solar_gw,1.0,1.0,AllEnergy,0,0,0,0
nemomod_entc_total_annual_min_capacity_investment_pp_waste_incineration_gw,1.0,1.0,AllEnergy,0,0,0,0
nemomod_entc_total_annual_min_capacity_investment_pp_wind_gw,1.0,1.0,AllEnergy,0,0,0,0
nemomod_entc_total_annual_min_capacity_pp_biogas_gw,1.0,1.0,AllEnergy,0,0,0,0
nemomod_entc_total_annual_min_capacity_pp_biomass_gw,1.0,1.0,AllEnergy,0,0,0,0
nemomod_entc_total_annual_min_capacity_pp_coal_gw,1.0,1.0,AllEnergy,0,0,0,0
nemomod_entc_total_annual_min_capacity_pp_gas_gw,1.0,1.0,AllEnergy,0,0,0,0
nemomod_entc_total_annual_min_capacity_pp_geothermal_gw,1.0,1.0,AllEnergy,0,0,0,0
nemomod_entc_total_annual_min_capacity_pp_hydropower_gw,1.0,1.0,AllEnergy,0,0,0,0
nemomod_entc_total_annual_min_capacity_pp_nuclear_gw,1.0,1.0,AllEnergy,0,0,0,0
nemomod_entc_total_annual_min_capacity_pp_ocean_gw,1.0,1.0,AllEnergy,0,0,0,0
nemomod_entc_total_annual_min_capacity_pp_oil_gw,1.0,1.0,AllEnergy,0,0,0,0
nemomod_entc_total_annual_min_capacity_pp_solar_gw,1.0,1.0,AllEnergy,0,0,0,0
nemomod_entc_total_annual_min_capacity_pp_waste_incineration_gw,1.0,1.0,AllEnergy,0,0,0,0
nemomod_entc_total_annual_min_capacity_pp_wind_gw,1.0,1.0,AllEnergy,0,0,0,0
ef_fgtv_distribution_tonne_ch4_per_m3_fuel_natural_gas,0.75,1.25,AllEnergy,0,0,0,0
ef_fgtv_distribution_tonne_co2_per_m3_fuel_natural_gas,0.75,1.25,AllEnergy,0,0,0,0
ef_fgtv_distribution_tonne_nmvoc_per_m3_fuel_natural_gas,0.75,1.25,AllEnergy,0,0,0,0
ef_fgtv_production_flaring_tonne_ch4_per_m3_fuel_coal,0.0001566281011173,0.0004363211388269,AllEnergy,0,0,0,0
ef_fgtv_production_flaring_tonne_ch4_per_m3_fuel_natural_gas,0.875,9.0,AllEnergy,0,0,0,0
ef_fgtv_production_flaring_tonne_ch4_per_m3_fuel_oil,0.875,9.0,AllEnergy,0,0,0,0
ef_fgtv_production_flaring_tonne_co2_per_m3_fuel_coal,0.0264151394201863,0.0735850312419475,AllEnergy,0,0,0,0
ef_fgtv_production_flaring_tonne_co2_per_m3_fuel_natural_gas,0.875,9.0,AllEnergy,0,0,0,0
ef_fgtv_production_flaring_tonne_co2_per_m3_fuel_oil,0.875,9.0,AllEnergy,0,0,0,0
ef_fgtv_production_flaring_tonne_n2o_per_m3_fuel_natural_gas,0.875,9.0,AllEnergy,0,0,0,0
ef_fgtv_production_flaring_tonne_n2o_per_m3_fuel_oil,0.875,9.0,AllEnergy,0,0,0,0
ef_fgtv_production_flaring_tonne_nmvoc_per_m3_fuel_natural_gas,0.875,9.0,AllEnergy,0,0,0,0
ef_fgtv_production_flaring_tonne_nmvoc_per_m3_fuel_oil,0.875,9.0,AllEnergy,0,0,0,0
ef_fgtv_production_fugitive_tonne_ch4_per_m3_fuel_coal,0.875,9.0,AllEnergy,0,0,0,0
ef_fgtv_production_fugitive_tonne_ch4_per_m3_fuel_natural_gas,0.875,9.0,AllEnergy,0,0,0,0
ef_fgtv_production_fugitive_tonne_ch4_per_m3_fuel_oil,0.875,9.0,AllEnergy,0,0,0,0
ef_fgtv_production_fugitive_tonne_co2_per_m3_fuel_coal,0.875,9.0,AllEnergy,0,0,0,0
ef_fgtv_production_fugitive_tonne_co2_per_m3_fuel_natural_gas,0.875,9.0,AllEnergy,0,0,0,0
ef_fgtv_production_fugitive_tonne_co2_per_m3_fuel_oil,0.875,9.0,AllEnergy,0,0,0,0
ef_fgtv_production_fugitive_tonne_n2o_per_m3_fuel_oil,0.875,9.0,AllEnergy,0,0,0,0
ef_fgtv_production_fugitive_tonne_nmvoc_per_m3_fuel_natural_gas,0.875,9.0,AllEnergy,0,0,0,0
ef_fgtv_production_fugitive_tonne_nmvoc_per_m3_fuel_oil,0.875,9.0,AllEnergy,0,0,0,0
ef_fgtv_production_venting_tonne_ch4_per_m3_fuel_coal,0.0275229357798165,2.6605504587155964,AllEnergy,0,0,0,0
ef_fgtv_production_venting_tonne_ch4_per_m3_fuel_oil,0.875,9.0,AllEnergy,0,0,0,0
ef_fgtv_production_venting_tonne_co2_per_m3_fuel_coal,0.0,4.169491525423728,AllEnergy,0,0,0,0
ef_fgtv_production_venting_tonne_co2_per_m3_fuel_oil,0.875,9.0,AllEnergy,0,0,0,0
ef_fgtv_production_venting_tonne_n2o_per_m3_fuel_oil,0.875,9.0,AllEnergy,0,0,0,0
ef_fgtv_production_venting_tonne_nmvoc_per_m3_fuel_oil,0.875,9.0,AllEnergy,0,0,0,0
ef_fgtv_transmission_tonne_ch4_per_m3_fuel_natural_gas,0.875,9.0,AllEnergy,0,0,0,0
ef_fgtv_transmission_tonne_ch4_per_m3_fuel_oil,0.875,9.0,AllEnergy,0,0,0,0
ef_fgtv_transmission_tonne_co2_per_m3_fuel_natural_gas,0.875,9.0,AllEnergy,0,0,0,0
ef_fgtv_transmission_tonne_co2_per_m3_fuel_oil,0.875,9.0,AllEnergy,0,0,0,0
ef_fgtv_transmission_tonne_n2o_per_m3_fuel_oil,0.875,9.0,AllEnergy,0,0,0,0
ef_fgtv_transmission_tonne_nmvoc_per_m3_fuel_natural_gas,0.875,9.0,AllEnergy,0,0,0,0
ef_fgtv_transmission_tonne_nmvoc_per_m3_fuel_oil,0.875,9.0,AllEnergy,0,0,0,0
frac_fgtv_drained_and_waste_ch4_flared_fuel_coal,0.8,1.2,AllEnergy,0,0,0,0
frac_fgtv_drained_and_waste_ch4_flared_fuel_oil,0.8,1.2,AllEnergy,0,0,0,0
frac_fgtv_reduction_in_fugitive_leaks,0.875,9.0,AllEnergy,0,0,0,0
scalar_inen_energy_demand_cement,1.0,1.0,AllEnergy,0,0,0,0
scalar_inen_energy_demand_chemicals,1.0,1.0,AllEnergy,0,0,0,0
scalar_inen_energy_demand_electronics,1.0,1.0,AllEnergy,0,0,0,0
scalar_inen_energy_demand_glass,1.0,1.0,AllEnergy,0,0,0,0
scalar_inen_energy_demand_lime_and_carbonite,1.0,1.0,AllEnergy,0,0,0,0
scalar_inen_energy_demand_metals,1.0,1.0,AllEnergy,0,0,0,0
scalar_inen_energy_demand_other_product_manufacturing,1.0,1.0,AllEnergy,0,0,0,0
scalar_inen_energy_demand_paper,1.0,1.0,AllEnergy,0,0,0,0
scalar_inen_energy_demand_plastic,1.0,1.0,AllEnergy,0,0,0,0
scalar_inen_energy_demand_recycled_glass,1.0,1.0,AllEnergy,0,0,0,0
scalar_inen_energy_demand_recycled_metals,1.0,1.0,AllEnergy,0,0,0,0
scalar_inen_energy_demand_recycled_paper,1.0,1.0,AllEnergy,0,0,0,0
scalar_inen_energy_demand_recycled_plastic,1.0,1.0,AllEnergy,0,0,0,0
scalar_inen_energy_demand_recycled_rubber_and_leather,1.0,1.0,AllEnergy,0,0,0,0
scalar_inen_energy_demand_recycled_textiles,1.0,1.0,AllEnergy,0,0,0,0
scalar_inen_energy_demand_recycled_wood,1.0,1.0,AllEnergy,0,0,0,0
scalar_inen_energy_demand_rubber_and_leather,1.0,1.0,AllEnergy,0,0,0,0
scalar_inen_energy_demand_textiles,1.0,1.0,AllEnergy,0,0,0,0
elasticity_scoe_enerdem_per_hh_residential_elec_appliances_to_gdppc,0.5,2.0,AllEnergy,0,0,0,0
elasticity_scoe_enerdem_per_hh_residential_heat_energy_to_gdppc,0.8,1.2,AllEnergy,0,0,0,0
elasticity_scoe_enerdem_per_mmmgdp_commercial_municipal_elec_appliances_to_gdppc,0.333,3.0,AllEnergy,0,0,0,0
elasticity_scoe_enerdem_per_mmmgdp_commercial_municipal_heat_energy_to_gdppc,0.8,1.2,AllEnergy,0,0,0,0
elasticity_scoe_enerdem_per_mmmgdp_other_se_heat_energy_to_gdppc,0.8,1.2,AllEnergy,0,0,0,0
ef_trns_mobile_combustion_aviation_kg_ch4_per_tj_kerosene,0.43,2.0,AllEnergy,0,0,0,0
ef_trns_mobile_combustion_aviation_kg_n2o_per_tj_kerosene,0.3,1.5,AllEnergy,0,0,0,0
ef_trns_mobile_combustion_powered_bikes_kg_ch4_per_tj_gasoline,0.4528726999624484,2.628614344723996,AllEnergy,0,0,0,0
ef_trns_mobile_combustion_powered_bikes_kg_n2o_per_tj_gasoline,0.490566037735849,1.8867924528301887,AllEnergy,0,0,0,0
ef_trns_mobile_combustion_public_kg_ch4_per_tj_biofuels,3.3766233766233764,11.428571428571429,AllEnergy,0,0,0,0
ef_trns_mobile_combustion_public_kg_ch4_per_tj_diesel,0.4102564102564103,2.435897435897436,AllEnergy,0,0,0,0
ef_trns_mobile_combustion_public_kg_ch4_per_tj_gasoline,0.2927184466019417,3.3980582524271843,AllEnergy,0,0,0,0
ef_trns_mobile_combustion_public_kg_ch4_per_tj_natural_gas,0.1428571428571428,4.4,AllEnergy,0,0,0,0
ef_trns_mobile_combustion_public_kg_n2o_per_tj_biofuels,0.3170731707317073,3.0,AllEnergy,0,0,0,0
ef_trns_mobile_combustion_public_kg_n2o_per_tj_diesel,0.3333333333333333,3.076923076923077,AllEnergy,0,0,0,0
ef_trns_mobile_combustion_public_kg_n2o_per_tj_gasoline,0.325,2.5,AllEnergy,0,0,0,0
ef_trns_mobile_combustion_public_kg_n2o_per_tj_natural_gas,0.3333333333333333,25.666666666666668,AllEnergy,0,0,0,0
ef_trns_mobile_combustion_rail_freight_kg_ch4_per_tj_diesel,0.4024096385542168,2.5060240963855422,AllEnergy,0,0,0,0
ef_trns_mobile_combustion_rail_freight_kg_ch4_per_tj_natural_gas,0.1428571428571428,4.4,AllEnergy,0,0,0,0
ef_trns_mobile_combustion_rail_freight_kg_n2o_per_tj_diesel,0.5,3.0,AllEnergy,0,0,0,0
ef_trns_mobile_combustion_rail_freight_kg_n2o_per_tj_natural_gas,0.3333333333333333,25.666666666666668,AllEnergy,0,0,0,0
ef_trns_mobile_combustion_rail_passenger_kg_ch4_per_tj_diesel,0.4024096385542168,2.5060240963855422,AllEnergy,0,0,0,0
ef_trns_mobile_combustion_rail_passenger_kg_ch4_per_tj_natural_gas,0.1428571428571428,4.4,AllEnergy,0,0,0,0
ef_trns_mobile_combustion_rail_passenger_kg_n2o_per_tj_diesel,0.5,3.0,AllEnergy,0,0,0,0
ef_trns_mobile_combustion_rail_passenger_kg_n2o_per_tj_natural_gas,0.3333333333333333,25.666666666666668,AllEnergy,0,0,0,0
ef_trns_mobile_combustion_road_heavy_freight_kg_ch4_per_tj_biofuels,3.3766233766233764,11.428571428571429,AllEnergy,0,0,0,0
ef_trns_mobile_combustion_road_heavy_freight_kg_ch4_per_tj_diesel,0.4102564102564103,2.435897435897436,AllEnergy,0,0,0,0
ef_trns_mobile_combustion_road_heavy_freight_kg_ch4_per_tj_gasoline,0.2927184466019417,3.3980582524271843,AllEnergy,0,0,0,0
ef_trns_mobile_combustion_road_heavy_freight_kg_ch4_per_tj_natural_gas,0.1428571428571428,4.4,AllEnergy,0,0,0,0
ef_trns_mobile_combustion_road_heavy_freight_kg_n2o_per_tj_biofuels,0.3170731707317073,3.0,AllEnergy,0,0,0,0
ef_trns_mobile_combustion_road_heavy_freight_kg_n2o_per_tj_diesel,0.3333333333333333,3.076923076923077,AllEnergy,0,0,0,0
ef_trns_mobile_combustion_road_heavy_freight_kg_n2o_per_tj_gasoline,0.325,2.5,AllEnergy,0,0,0,0
ef_trns_mobile_combustion_road_heavy_freight_kg_n2o_per_tj_natural_gas,0.3333333333333333,25.666666666666668,AllEnergy,0,0,0,0
ef_trns_mobile_combustion_road_heavy_regional_kg_ch4_per_tj_biofuels,3.3766233766233764,11.428571428571429,AllEnergy,0,0,0,0
ef_trns_mobile_combustion_road_heavy_regional_kg_ch4_per_tj_diesel,0.4102564102564103,2.435897435897436,AllEnergy,0,0,0,0
ef_trns_mobile_combustion_road_heavy_regional_kg_ch4_per_tj_gasoline,0.2927184466019417,3.3980582524271843,AllEnergy,0,0,0,0
ef_trns_mobile_combustion_road_heavy_regional_kg_ch4_per_tj_natural_gas,0.1428571428571428,4.4,AllEnergy,0,0,0,0
ef_trns_mobile_combustion_road_heavy_regional_kg_n2o_per_tj_biofuels,0.3170731707317073,3.0,AllEnergy,0,0,0,0
ef_trns_mobile_combustion_road_heavy_regional_kg_n2o_per_tj_diesel,0.3333333333333333,3.076923076923077,AllEnergy,0,0,0,0
ef_trns_mobile_combustion_road_heavy_regional_kg_n2o_per_tj_gasoline,0.325,2.5,AllEnergy,0,0,0,0
ef_trns_mobile_combustion_road_heavy_regional_kg_n2o_per_tj_natural_gas,0.3333333333333333,25.666666666666668,AllEnergy,0,0,0,0
ef_trns_mobile_combustion_road_light_kg_ch4_per_tj_biofuels,0.7222222222222222,4.666666666666667,AllEnergy,0,0,0,0
ef_trns_mobile_combustion_road_light_kg_ch4_per_tj_diesel,0.4102564102564103,2.435897435897436,AllEnergy,0,0,0,0
ef_trns_mobile_combustion_road_light_kg_ch4_per_tj_gasoline,0.2927184466019417,3.3980582524271843,AllEnergy,0,0,0,0
ef_trns_mobile_combustion_road_light_kg_n2o_per_tj_biofuels,0.3170731707317073,3.0,AllEnergy,0,0,0,0
ef_trns_mobile_combustion_road_light_kg_n2o_per_tj_diesel,0.3333333333333333,3.076923076923077,AllEnergy,0,0,0,0
ef_trns_mobile_combustion_road_light_kg_n2o_per_tj_gasoline,0.325,2.5,AllEnergy,0,0,0,0
ef_trns_mobile_combustion_water_borne_kg_ch4_per_tj_diesel,0.5,1.5,AllEnergy,0,0,0,0
ef_trns_mobile_combustion_water_borne_kg_ch4_per_tj_natural_gas,0.1428571428571428,4.4,AllEnergy,0,0,0,0
ef_trns_mobile_combustion_water_borne_kg_n2o_per_tj_diesel,0.6,1.5,AllEnergy,0,0,0,0
ef_trns_mobile_combustion_water_borne_kg_n2o_per_tj_natural_gas,0.3333333333333333,25.666666666666668,AllEnergy,0,0,0,0
elecfuelefficiency_trns_aviation_km_per_kwh,0.8,1.2,AllEnergy,0,0,0,0
elecfuelefficiency_trns_powered_bikes_km_per_kwh,0.8,1.2,AllEnergy,0,0,0,0
elecfuelefficiency_trns_public_km_per_kwh,0.8,1.2,AllEnergy,0,0,0,0
elecfuelefficiency_trns_rail_freight_km_per_kwh,0.8,1.2,AllEnergy,0,0,0,0
elecfuelefficiency_trns_rail_passenger_km_per_kwh,0.8,1.2,AllEnergy,0,0,0,0
elecfuelefficiency_trns_road_heavy_freight_km_per_kwh,0.8,1.2,AllEnergy,0,0,0,0
elecfuelefficiency_trns_road_heavy_regional_km_per_kwh,0.8,1.2,AllEnergy,0,0,0,0
elecfuelefficiency_trns_road_light_km_per_kwh,0.8,1.2,AllEnergy,0,0,0,0
elecfuelefficiency_trns_water_borne_km_per_kwh,0.8,1.2,AllEnergy,0,0,0,0
demscalar_trde_freight,1.0,1.0,AllEnergy,0,0,0,0
demscalar_trde_private_and_public,1.0,1.0,AllEnergy,0,0,0,0
demscalar_trde_regional,1.0,1.0,AllEnergy,0,0,0,0
elasticity_trde_mtkm_to_gdp_freight,0.8,1.2,AllEnergy,0,0,0,0
elasticity_trde_pkm_to_gdppc_private_and_public,0.5,1.5,AllEnergy,0,0,0,0
elasticity_trde_pkm_to_gdppc_regional,0.5,1.5,AllEnergy,0,0,0,0
