Nation,Year,value,model,iso_code3
argentina,1990,11000.0,CircularEconomy,ARG
argentina,1991,11250.0,CircularEconomy,ARG
argentina,1992,11500.0,CircularEconomy,ARG
argentina,1993,11760.0,CircularEconomy,ARG
argentina,1994,12010.0,CircularEconomy,ARG
argentina,1995,12550.0,CircularEconomy,ARG
argentina,1996,13100.0,CircularEconomy,ARG
argentina,1997,13650.0,CircularEconomy,ARG
argentina,1998,14590.0,CircularEconomy,ARG
argentina,1999,15520.0,CircularEconomy,ARG
argentina,2000,16460.0,CircularEconomy,ARG
argentina,2001,16710.0,CircularEconomy,ARG
argentina,2002,16950.0,CircularEconomy,ARG
argentina,2003,17200.0,CircularEconomy,ARG
argentina,2004,17450.0,CircularEconomy,ARG
argentina,2005,17690.0,CircularEconomy,ARG
argentina,2006,17990.0,CircularEconomy,ARG
argentina,2007,18290.0,CircularEconomy,ARG
argentina,2008,18590.0,CircularEconomy,ARG
argentina,2009,18890.0,CircularEconomy,ARG
argentina,2010,19190.0,CircularEconomy,ARG
argentina,2011,19510.0,CircularEconomy,ARG
argentina,2012,19820.0,CircularEconomy,ARG
argentina,2013,20130.0,CircularEconomy,ARG
argentina,2014,20450.0,CircularEconomy,ARG
argentina,2015,20760.0,CircularEconomy,ARG
argentina,2016,21060.0,CircularEconomy,ARG
argentina,2017,21370.0,CircularEconomy,ARG
argentina,2018,21670.0,CircularEconomy,ARG
argentina,2019,21980.0,CircularEconomy,ARG
argentina,1990,3800.0,IPPU,ARG
argentina,1991,4000.0,IPPU,ARG
argentina,1992,4130.0,IPPU,ARG
argentina,1993,4230.0,IPPU,ARG
argentina,1994,4350.0,IPPU,ARG
argentina,1995,4000.0,IPPU,ARG
argentina,1996,4260.0,IPPU,ARG
argentina,1997,5460.0,IPPU,ARG
argentina,1998,5990.0,IPPU,ARG
argentina,1999,6410.0,IPPU,ARG
argentina,2000,6310.0,IPPU,ARG
argentina,2001,6440.0,IPPU,ARG
argentina,2002,6110.0,IPPU,ARG
argentina,2003,7080.0,IPPU,ARG
argentina,2004,7920.0,IPPU,ARG
argentina,2005,8880.0,IPPU,ARG
argentina,2006,11370.0,IPPU,ARG
argentina,2007,13560.0,IPPU,ARG
argentina,2008,15520.0,IPPU,ARG
argentina,2009,17300.0,IPPU,ARG
argentina,2010,19630.0,IPPU,ARG
argentina,2011,20830.0,IPPU,ARG
argentina,2012,21220.0,IPPU,ARG
argentina,2013,22400.0,IPPU,ARG
argentina,2014,22950.0,IPPU,ARG
argentina,2015,23970.0,IPPU,ARG
argentina,2016,24610.0,IPPU,ARG
argentina,2017,26170.0,IPPU,ARG
argentina,2018,27300.0,IPPU,ARG
argentina,2019,28190.0,IPPU,ARG
bahamas,1990,140.0,CircularEconomy,BHS
bahamas,1991,140.0,CircularEconomy,BHS
bahamas,1992,140.0,CircularEconomy,BHS
bahamas,1993,140.0,CircularEconomy,BHS
bahamas,1994,150.0,CircularEconomy,BHS
bahamas,1995,150.0,CircularEconomy,BHS
bahamas,1996,150.0,CircularEconomy,BHS
bahamas,1997,150.0,CircularEconomy,BHS
bahamas,1998,160.0,CircularEconomy,BHS
bahamas,1999,160.0,CircularEconomy,BHS
bahamas,2000,160.0,CircularEconomy,BHS
bahamas,2001,160.0,CircularEconomy,BHS
bahamas,2002,170.0,CircularEconomy,BHS
bahamas,2003,170.0,CircularEconomy,BHS
bahamas,2004,170.0,CircularEconomy,BHS
bahamas,2005,170.0,CircularEconomy,BHS
bahamas,2006,180.0,CircularEconomy,BHS
bahamas,2007,180.0,CircularEconomy,BHS
bahamas,2008,180.0,CircularEconomy,BHS
bahamas,2009,190.0,CircularEconomy,BHS
bahamas,2010,190.0,CircularEconomy,BHS
bahamas,2011,190.0,CircularEconomy,BHS
bahamas,2012,200.0,CircularEconomy,BHS
bahamas,2013,200.0,CircularEconomy,BHS
bahamas,2014,200.0,CircularEconomy,BHS
bahamas,2015,200.0,CircularEconomy,BHS
bahamas,2016,210.0,CircularEconomy,BHS
bahamas,2017,210.0,CircularEconomy,BHS
bahamas,2018,210.0,CircularEconomy,BHS
bahamas,2019,210.0,CircularEconomy,BHS
bahamas,1990,10.0,IPPU,BHS
bahamas,1991,10.0,IPPU,BHS
bahamas,1992,10.0,IPPU,BHS
bahamas,1993,10.0,IPPU,BHS
bahamas,1994,10.0,IPPU,BHS
bahamas,1995,10.0,IPPU,BHS
bahamas,1996,10.0,IPPU,BHS
bahamas,1997,10.0,IPPU,BHS
bahamas,1998,10.0,IPPU,BHS
bahamas,1999,10.0,IPPU,BHS
bahamas,2000,20.0,IPPU,BHS
bahamas,2001,20.0,IPPU,BHS
bahamas,2002,20.0,IPPU,BHS
bahamas,2003,30.0,IPPU,BHS
bahamas,2004,30.0,IPPU,BHS
bahamas,2005,40.0,IPPU,BHS
bahamas,2006,40.0,IPPU,BHS
bahamas,2007,50.0,IPPU,BHS
bahamas,2008,50.0,IPPU,BHS
bahamas,2009,60.0,IPPU,BHS
bahamas,2010,60.0,IPPU,BHS
bahamas,2011,60.0,IPPU,BHS
bahamas,2012,60.0,IPPU,BHS
bahamas,2013,70.0,IPPU,BHS
bahamas,2014,70.0,IPPU,BHS
bahamas,2015,70.0,IPPU,BHS
bahamas,2016,70.0,IPPU,BHS
bahamas,2017,80.0,IPPU,BHS
bahamas,2018,80.0,IPPU,BHS
bahamas,2019,80.0,IPPU,BHS
barbados,1990,1960.0,CircularEconomy,BRB
barbados,1991,1990.0,CircularEconomy,BRB
barbados,1992,2030.0,CircularEconomy,BRB
barbados,1993,2070.0,CircularEconomy,BRB
barbados,1994,2110.0,CircularEconomy,BRB
barbados,1995,2110.0,CircularEconomy,BRB
barbados,1996,2120.0,CircularEconomy,BRB
barbados,1997,2130.0,CircularEconomy,BRB
barbados,1998,2140.0,CircularEconomy,BRB
barbados,1999,2150.0,CircularEconomy,BRB
barbados,2000,2160.0,CircularEconomy,BRB
barbados,2001,2170.0,CircularEconomy,BRB
barbados,2002,2170.0,CircularEconomy,BRB
barbados,2003,2180.0,CircularEconomy,BRB
barbados,2004,2180.0,CircularEconomy,BRB
barbados,2005,2190.0,CircularEconomy,BRB
barbados,2006,2200.0,CircularEconomy,BRB
barbados,2007,2210.0,CircularEconomy,BRB
barbados,2008,2210.0,CircularEconomy,BRB
barbados,2009,2220.0,CircularEconomy,BRB
barbados,2010,2230.0,CircularEconomy,BRB
barbados,2011,2240.0,CircularEconomy,BRB
barbados,2012,2240.0,CircularEconomy,BRB
barbados,2013,2250.0,CircularEconomy,BRB
barbados,2014,2250.0,CircularEconomy,BRB
barbados,2015,2260.0,CircularEconomy,BRB
barbados,2016,2270.0,CircularEconomy,BRB
barbados,2017,2270.0,CircularEconomy,BRB
barbados,2018,2280.0,CircularEconomy,BRB
barbados,2019,2290.0,CircularEconomy,BRB
barbados,1990,100.0,IPPU,BRB
barbados,1991,100.0,IPPU,BRB
barbados,1992,90.0,IPPU,BRB
barbados,1993,40.0,IPPU,BRB
barbados,1994,40.0,IPPU,BRB
barbados,1995,40.0,IPPU,BRB
barbados,1996,60.0,IPPU,BRB
barbados,1997,100.0,IPPU,BRB
barbados,1998,140.0,IPPU,BRB
barbados,1999,140.0,IPPU,BRB
barbados,2000,150.0,IPPU,BRB
barbados,2001,150.0,IPPU,BRB
barbados,2002,170.0,IPPU,BRB
barbados,2003,180.0,IPPU,BRB
barbados,2004,180.0,IPPU,BRB
barbados,2005,190.0,IPPU,BRB
barbados,2006,190.0,IPPU,BRB
barbados,2007,190.0,IPPU,BRB
barbados,2008,190.0,IPPU,BRB
barbados,2009,170.0,IPPU,BRB
barbados,2010,160.0,IPPU,BRB
barbados,2011,170.0,IPPU,BRB
barbados,2012,160.0,IPPU,BRB
barbados,2013,160.0,IPPU,BRB
barbados,2014,170.0,IPPU,BRB
barbados,2015,180.0,IPPU,BRB
barbados,2016,190.0,IPPU,BRB
barbados,2017,200.0,IPPU,BRB
barbados,2018,210.0,IPPU,BRB
barbados,2019,220.0,IPPU,BRB
belize,1990,6010.0,CircularEconomy,BLZ
belize,1991,6130.0,CircularEconomy,BLZ
belize,1992,6250.0,CircularEconomy,BLZ
belize,1993,6380.0,CircularEconomy,BLZ
belize,1994,6500.0,CircularEconomy,BLZ
belize,1995,5430.0,CircularEconomy,BLZ
belize,1996,4370.0,CircularEconomy,BLZ
belize,1997,3300.0,CircularEconomy,BLZ
belize,1998,2230.0,CircularEconomy,BLZ
belize,1999,1170.0,CircularEconomy,BLZ
belize,2000,100.0,CircularEconomy,BLZ
belize,2001,120.0,CircularEconomy,BLZ
belize,2002,130.0,CircularEconomy,BLZ
belize,2003,150.0,CircularEconomy,BLZ
belize,2004,160.0,CircularEconomy,BLZ
belize,2005,160.0,CircularEconomy,BLZ
belize,2006,170.0,CircularEconomy,BLZ
belize,2007,170.0,CircularEconomy,BLZ
belize,2008,170.0,CircularEconomy,BLZ
belize,2009,170.0,CircularEconomy,BLZ
belize,2010,180.0,CircularEconomy,BLZ
belize,2011,190.0,CircularEconomy,BLZ
belize,2012,190.0,CircularEconomy,BLZ
belize,2013,200.0,CircularEconomy,BLZ
belize,2014,210.0,CircularEconomy,BLZ
belize,2015,220.0,CircularEconomy,BLZ
belize,2016,220.0,CircularEconomy,BLZ
belize,2017,230.0,CircularEconomy,BLZ
belize,2018,230.0,CircularEconomy,BLZ
belize,2019,240.0,CircularEconomy,BLZ
belize,1990,0.0,IPPU,BLZ
belize,1991,0.0,IPPU,BLZ
belize,1992,0.0,IPPU,BLZ
belize,1993,0.0,IPPU,BLZ
belize,1994,0.0,IPPU,BLZ
belize,1995,0.0,IPPU,BLZ
belize,1996,10.0,IPPU,BLZ
belize,1997,10.0,IPPU,BLZ
belize,1998,10.0,IPPU,BLZ
belize,1999,20.0,IPPU,BLZ
belize,2000,20.0,IPPU,BLZ
belize,2001,20.0,IPPU,BLZ
belize,2002,20.0,IPPU,BLZ
belize,2003,30.0,IPPU,BLZ
belize,2004,30.0,IPPU,BLZ
belize,2005,30.0,IPPU,BLZ
belize,2006,40.0,IPPU,BLZ
belize,2007,40.0,IPPU,BLZ
belize,2008,50.0,IPPU,BLZ
belize,2009,50.0,IPPU,BLZ
belize,2010,60.0,IPPU,BLZ
belize,2011,70.0,IPPU,BLZ
belize,2012,80.0,IPPU,BLZ
belize,2013,90.0,IPPU,BLZ
belize,2014,100.0,IPPU,BLZ
belize,2015,110.0,IPPU,BLZ
belize,2016,120.0,IPPU,BLZ
belize,2017,130.0,IPPU,BLZ
belize,2018,150.0,IPPU,BLZ
belize,2019,160.0,IPPU,BLZ
bolivia,1990,190.0,CircularEconomy,BOL
bolivia,1991,300.0,CircularEconomy,BOL
bolivia,1992,400.0,CircularEconomy,BOL
bolivia,1993,510.0,CircularEconomy,BOL
bolivia,1994,610.0,CircularEconomy,BOL
bolivia,1995,780.0,CircularEconomy,BOL
bolivia,1996,950.0,CircularEconomy,BOL
bolivia,1997,1120.0,CircularEconomy,BOL
bolivia,1998,1280.0,CircularEconomy,BOL
bolivia,1999,1370.0,CircularEconomy,BOL
bolivia,2000,1450.0,CircularEconomy,BOL
bolivia,2001,1680.0,CircularEconomy,BOL
bolivia,2002,1920.0,CircularEconomy,BOL
bolivia,2003,1950.0,CircularEconomy,BOL
bolivia,2004,1990.0,CircularEconomy,BOL
bolivia,2005,2030.0,CircularEconomy,BOL
bolivia,2006,2120.0,CircularEconomy,BOL
bolivia,2007,2200.0,CircularEconomy,BOL
bolivia,2008,2280.0,CircularEconomy,BOL
bolivia,2009,2360.0,CircularEconomy,BOL
bolivia,2010,2450.0,CircularEconomy,BOL
bolivia,2011,2510.0,CircularEconomy,BOL
bolivia,2012,2580.0,CircularEconomy,BOL
bolivia,2013,2650.0,CircularEconomy,BOL
bolivia,2014,2720.0,CircularEconomy,BOL
bolivia,2015,2780.0,CircularEconomy,BOL
bolivia,2016,2850.0,CircularEconomy,BOL
bolivia,2017,2910.0,CircularEconomy,BOL
bolivia,2018,2970.0,CircularEconomy,BOL
bolivia,2019,3030.0,CircularEconomy,BOL
bolivia,1990,270.0,IPPU,BOL
bolivia,1991,280.0,IPPU,BOL
bolivia,1992,290.0,IPPU,BOL
bolivia,1993,310.0,IPPU,BOL
bolivia,1994,360.0,IPPU,BOL
bolivia,1995,420.0,IPPU,BOL
bolivia,1996,450.0,IPPU,BOL
bolivia,1997,500.0,IPPU,BOL
bolivia,1998,570.0,IPPU,BOL
bolivia,1999,590.0,IPPU,BOL
bolivia,2000,540.0,IPPU,BOL
bolivia,2001,500.0,IPPU,BOL
bolivia,2002,510.0,IPPU,BOL
bolivia,2003,570.0,IPPU,BOL
bolivia,2004,630.0,IPPU,BOL
bolivia,2005,700.0,IPPU,BOL
bolivia,2006,790.0,IPPU,BOL
bolivia,2007,840.0,IPPU,BOL
bolivia,2008,930.0,IPPU,BOL
bolivia,2009,1060.0,IPPU,BOL
bolivia,2010,1110.0,IPPU,BOL
bolivia,2011,1230.0,IPPU,BOL
bolivia,2012,1260.0,IPPU,BOL
bolivia,2013,1420.0,IPPU,BOL
bolivia,2014,1560.0,IPPU,BOL
bolivia,2015,1640.0,IPPU,BOL
bolivia,2016,1710.0,IPPU,BOL
bolivia,2017,1740.0,IPPU,BOL
bolivia,2018,1780.0,IPPU,BOL
bolivia,2019,1810.0,IPPU,BOL
brazil,1990,30630.0,CircularEconomy,BRA
brazil,1991,31820.0,CircularEconomy,BRA
brazil,1992,33110.0,CircularEconomy,BRA
brazil,1993,34230.0,CircularEconomy,BRA
brazil,1994,35440.0,CircularEconomy,BRA
brazil,1995,36910.0,CircularEconomy,BRA
brazil,1996,38230.0,CircularEconomy,BRA
brazil,1997,39780.0,CircularEconomy,BRA
brazil,1998,41270.0,CircularEconomy,BRA
brazil,1999,43750.0,CircularEconomy,BRA
brazil,2000,45550.0,CircularEconomy,BRA
brazil,2001,46710.0,CircularEconomy,BRA
brazil,2002,48990.0,CircularEconomy,BRA
brazil,2003,51960.0,CircularEconomy,BRA
brazil,2004,52390.0,CircularEconomy,BRA
brazil,2005,53520.0,CircularEconomy,BRA
brazil,2006,56470.0,CircularEconomy,BRA
brazil,2007,58080.0,CircularEconomy,BRA
brazil,2008,59010.0,CircularEconomy,BRA
brazil,2009,60510.0,CircularEconomy,BRA
brazil,2010,63720.0,CircularEconomy,BRA
brazil,2011,64620.00000000001,CircularEconomy,BRA
brazil,2012,65519.99999999999,CircularEconomy,BRA
brazil,2013,66420.0,CircularEconomy,BRA
brazil,2014,67320.0,CircularEconomy,BRA
brazil,2015,68220.0,CircularEconomy,BRA
brazil,2016,68890.0,CircularEconomy,BRA
brazil,2017,69550.0,CircularEconomy,BRA
brazil,2018,70220.0,CircularEconomy,BRA
brazil,2019,70890.0,CircularEconomy,BRA
brazil,1990,18240.0,IPPU,BRA
brazil,1991,20290.0,IPPU,BRA
brazil,1992,18560.0,IPPU,BRA
brazil,1993,20130.0,IPPU,BRA
brazil,1994,19930.0,IPPU,BRA
brazil,1995,21590.0,IPPU,BRA
brazil,1996,22230.0,IPPU,BRA
brazil,1997,22890.0,IPPU,BRA
brazil,1998,25310.0,IPPU,BRA
brazil,1999,26590.0,IPPU,BRA
brazil,2000,25250.0,IPPU,BRA
brazil,2001,23410.0,IPPU,BRA
brazil,2002,24340.0,IPPU,BRA
brazil,2003,23000.0,IPPU,BRA
brazil,2004,25680.0,IPPU,BRA
brazil,2005,26220.0,IPPU,BRA
brazil,2006,28660.0,IPPU,BRA
brazil,2007,24710.0,IPPU,BRA
brazil,2008,26930.0,IPPU,BRA
brazil,2009,26880.0,IPPU,BRA
brazil,2010,29790.0,IPPU,BRA
brazil,2011,31410.0,IPPU,BRA
brazil,2012,33620.0,IPPU,BRA
brazil,2013,35330.0,IPPU,BRA
brazil,2014,35650.0,IPPU,BRA
brazil,2015,33880.0,IPPU,BRA
brazil,2016,31640.0,IPPU,BRA
brazil,2017,30670.0,IPPU,BRA
brazil,2018,30700.0,IPPU,BRA
brazil,2019,31510.0,IPPU,BRA
chile,1990,2760.0,CircularEconomy,CHL
chile,1991,2850.0,CircularEconomy,CHL
chile,1992,2930.0,CircularEconomy,CHL
chile,1993,3020.0,CircularEconomy,CHL
chile,1994,3060.0,CircularEconomy,CHL
chile,1995,3160.0,CircularEconomy,CHL
chile,1996,3270.0,CircularEconomy,CHL
chile,1997,3370.0,CircularEconomy,CHL
chile,1998,3470.0,CircularEconomy,CHL
chile,1999,3570.0,CircularEconomy,CHL
chile,2000,3670.0,CircularEconomy,CHL
chile,2001,3580.0,CircularEconomy,CHL
chile,2002,3480.0,CircularEconomy,CHL
chile,2003,3390.0,CircularEconomy,CHL
chile,2004,3290.0,CircularEconomy,CHL
chile,2005,3200.0,CircularEconomy,CHL
chile,2006,3200.0,CircularEconomy,CHL
chile,2007,3430.0,CircularEconomy,CHL
chile,2008,3670.0,CircularEconomy,CHL
chile,2009,3910.0,CircularEconomy,CHL
chile,2010,4140.0,CircularEconomy,CHL
chile,2011,4250.0,CircularEconomy,CHL
chile,2012,4350.0,CircularEconomy,CHL
chile,2013,4460.0,CircularEconomy,CHL
chile,2014,4560.0,CircularEconomy,CHL
chile,2015,4670.0,CircularEconomy,CHL
chile,2016,4770.0,CircularEconomy,CHL
chile,2017,4870.0,CircularEconomy,CHL
chile,2018,4980.0,CircularEconomy,CHL
chile,2019,5080.0,CircularEconomy,CHL
chile,1990,940.0,IPPU,CHL
chile,1991,1060.0,IPPU,CHL
chile,1992,1140.0,IPPU,CHL
chile,1993,1210.0,IPPU,CHL
chile,1994,1350.0,IPPU,CHL
chile,1995,1510.0,IPPU,CHL
chile,1996,1640.0,IPPU,CHL
chile,1997,1790.0,IPPU,CHL
chile,1998,2140.0,IPPU,CHL
chile,1999,2130.0,IPPU,CHL
chile,2000,2350.0,IPPU,CHL
chile,2001,2340.0,IPPU,CHL
chile,2002,2400.0,IPPU,CHL
chile,2003,2420.0,IPPU,CHL
chile,2004,2490.0,IPPU,CHL
chile,2005,2440.0,IPPU,CHL
chile,2006,2560.0,IPPU,CHL
chile,2007,2950.0,IPPU,CHL
chile,2008,3250.0,IPPU,CHL
chile,2009,3330.0,IPPU,CHL
chile,2010,3600.0,IPPU,CHL
chile,2011,3630.0,IPPU,CHL
chile,2012,3670.0,IPPU,CHL
chile,2013,3620.0,IPPU,CHL
chile,2014,3560.0,IPPU,CHL
chile,2015,3560.0,IPPU,CHL
chile,2016,3850.0,IPPU,CHL
chile,2017,3810.0,IPPU,CHL
chile,2018,3930.0,IPPU,CHL
chile,2019,4130.0,IPPU,CHL
colombia,1990,9140.0,CircularEconomy,COL
colombia,1991,9490.0,CircularEconomy,COL
colombia,1992,9830.0,CircularEconomy,COL
colombia,1993,10180.0,CircularEconomy,COL
colombia,1994,10530.0,CircularEconomy,COL
colombia,1995,10700.0,CircularEconomy,COL
colombia,1996,10870.0,CircularEconomy,COL
colombia,1997,11030.0,CircularEconomy,COL
colombia,1998,11200.0,CircularEconomy,COL
colombia,1999,11360.0,CircularEconomy,COL
colombia,2000,11530.0,CircularEconomy,COL
colombia,2001,11810.0,CircularEconomy,COL
colombia,2002,12090.0,CircularEconomy,COL
colombia,2003,12370.0,CircularEconomy,COL
colombia,2004,12650.0,CircularEconomy,COL
colombia,2005,12870.0,CircularEconomy,COL
colombia,2006,13210.0,CircularEconomy,COL
colombia,2007,13540.0,CircularEconomy,COL
colombia,2008,13870.0,CircularEconomy,COL
colombia,2009,14210.0,CircularEconomy,COL
colombia,2010,14540.0,CircularEconomy,COL
colombia,2011,14870.0,CircularEconomy,COL
colombia,2012,15200.0,CircularEconomy,COL
colombia,2013,15530.0,CircularEconomy,COL
colombia,2014,15860.0,CircularEconomy,COL
colombia,2015,16190.000000000002,CircularEconomy,COL
colombia,2016,16490.0,CircularEconomy,COL
colombia,2017,16800.0,CircularEconomy,COL
colombia,2018,17110.0,CircularEconomy,COL
colombia,2019,17410.0,CircularEconomy,COL
colombia,1990,2980.0,IPPU,COL
colombia,1991,3000.0,IPPU,COL
colombia,1992,3190.0,IPPU,COL
colombia,1993,3640.0,IPPU,COL
colombia,1994,4260.0,IPPU,COL
colombia,1995,4300.0,IPPU,COL
colombia,1996,4290.0,IPPU,COL
colombia,1997,4580.0,IPPU,COL
colombia,1998,4710.0,IPPU,COL
colombia,1999,3940.0,IPPU,COL
colombia,2000,4610.0,IPPU,COL
colombia,2001,4700.0,IPPU,COL
colombia,2002,4890.0,IPPU,COL
colombia,2003,5370.0,IPPU,COL
colombia,2004,5650.0,IPPU,COL
colombia,2005,6380.0,IPPU,COL
colombia,2006,6690.0,IPPU,COL
colombia,2007,7420.0,IPPU,COL
colombia,2008,7630.0,IPPU,COL
colombia,2009,7440.0,IPPU,COL
colombia,2010,7860.0,IPPU,COL
colombia,2011,8770.0,IPPU,COL
colombia,2012,9600.0,IPPU,COL
colombia,2013,9710.0,IPPU,COL
colombia,2014,10570.0,IPPU,COL
colombia,2015,11260.0,IPPU,COL
colombia,2016,11400.0,IPPU,COL
colombia,2017,11730.0,IPPU,COL
colombia,2018,12210.0,IPPU,COL
colombia,2019,12620.0,IPPU,COL
costa_rica,1990,550.0,CircularEconomy,CRI
costa_rica,1991,640.0,CircularEconomy,CRI
costa_rica,1992,730.0,CircularEconomy,CRI
costa_rica,1993,820.0,CircularEconomy,CRI
costa_rica,1994,910.0,CircularEconomy,CRI
costa_rica,1995,990.0,CircularEconomy,CRI
costa_rica,1996,1080.0,CircularEconomy,CRI
costa_rica,1997,1190.0,CircularEconomy,CRI
costa_rica,1998,1300.0,CircularEconomy,CRI
costa_rica,1999,1420.0,CircularEconomy,CRI
costa_rica,2000,1530.0,CircularEconomy,CRI
costa_rica,2001,1550.0,CircularEconomy,CRI
costa_rica,2002,1570.0,CircularEconomy,CRI
costa_rica,2003,1590.0,CircularEconomy,CRI
costa_rica,2004,1610.0,CircularEconomy,CRI
costa_rica,2005,1630.0,CircularEconomy,CRI
costa_rica,2006,1670.0,CircularEconomy,CRI
costa_rica,2007,1700.0,CircularEconomy,CRI
costa_rica,2008,1740.0,CircularEconomy,CRI
costa_rica,2009,1780.0,CircularEconomy,CRI
costa_rica,2010,1810.0,CircularEconomy,CRI
costa_rica,2011,1850.0,CircularEconomy,CRI
costa_rica,2012,1880.0,CircularEconomy,CRI
costa_rica,2013,1920.0,CircularEconomy,CRI
costa_rica,2014,1950.0,CircularEconomy,CRI
costa_rica,2015,1990.0,CircularEconomy,CRI
costa_rica,2016,2020.0,CircularEconomy,CRI
costa_rica,2017,2050.0,CircularEconomy,CRI
costa_rica,2018,2080.0,CircularEconomy,CRI
costa_rica,2019,2120.0,CircularEconomy,CRI
costa_rica,1990,290.0,IPPU,CRI
costa_rica,1991,330.0,IPPU,CRI
costa_rica,1992,330.0,IPPU,CRI
costa_rica,1993,400.0,IPPU,CRI
costa_rica,1994,440.0,IPPU,CRI
costa_rica,1995,410.0,IPPU,CRI
costa_rica,1996,560.0,IPPU,CRI
costa_rica,1997,620.0,IPPU,CRI
costa_rica,1998,700.0,IPPU,CRI
costa_rica,1999,730.0,IPPU,CRI
costa_rica,2000,720.0,IPPU,CRI
costa_rica,2001,800.0,IPPU,CRI
costa_rica,2002,810.0,IPPU,CRI
costa_rica,2003,790.0,IPPU,CRI
costa_rica,2004,950.0,IPPU,CRI
costa_rica,2005,1170.0,IPPU,CRI
costa_rica,2006,950.0,IPPU,CRI
costa_rica,2007,1330.0,IPPU,CRI
costa_rica,2008,1270.0,IPPU,CRI
costa_rica,2009,1300.0,IPPU,CRI
costa_rica,2010,1010.0,IPPU,CRI
costa_rica,2011,1100.0,IPPU,CRI
costa_rica,2012,1160.0,IPPU,CRI
costa_rica,2013,1230.0,IPPU,CRI
costa_rica,2014,1300.0,IPPU,CRI
costa_rica,2015,1390.0,IPPU,CRI
costa_rica,2016,1450.0,IPPU,CRI
costa_rica,2017,1590.0,IPPU,CRI
costa_rica,2018,1680.0,IPPU,CRI
costa_rica,2019,1740.0,IPPU,CRI
dominican_republic,1990,1650.0,CircularEconomy,DOM
dominican_republic,1991,2020.0,CircularEconomy,DOM
dominican_republic,1992,2380.0,CircularEconomy,DOM
dominican_republic,1993,2740.0,CircularEconomy,DOM
dominican_republic,1994,3110.0,CircularEconomy,DOM
dominican_republic,1995,2810.0,CircularEconomy,DOM
dominican_republic,1996,2500.0,CircularEconomy,DOM
dominican_republic,1997,2200.0,CircularEconomy,DOM
dominican_republic,1998,1890.0,CircularEconomy,DOM
dominican_republic,1999,1930.0,CircularEconomy,DOM
dominican_republic,2000,1960.0,CircularEconomy,DOM
dominican_republic,2001,2000.0,CircularEconomy,DOM
dominican_republic,2002,2040.0,CircularEconomy,DOM
dominican_republic,2003,2080.0,CircularEconomy,DOM
dominican_republic,2004,2120.0,CircularEconomy,DOM
dominican_republic,2005,2150.0,CircularEconomy,DOM
dominican_republic,2006,2200.0,CircularEconomy,DOM
dominican_republic,2007,2240.0,CircularEconomy,DOM
dominican_republic,2008,2290.0,CircularEconomy,DOM
dominican_republic,2009,2330.0,CircularEconomy,DOM
dominican_republic,2010,2380.0,CircularEconomy,DOM
dominican_republic,2011,2420.0,CircularEconomy,DOM
dominican_republic,2012,2460.0,CircularEconomy,DOM
dominican_republic,2013,2500.0,CircularEconomy,DOM
dominican_republic,2014,2540.0,CircularEconomy,DOM
dominican_republic,2015,2570.0,CircularEconomy,DOM
dominican_republic,2016,2610.0,CircularEconomy,DOM
dominican_republic,2017,2640.0,CircularEconomy,DOM
dominican_republic,2018,2680.0,CircularEconomy,DOM
dominican_republic,2019,2720.0,CircularEconomy,DOM
dominican_republic,1990,480.0,IPPU,DOM
dominican_republic,1991,560.0,IPPU,DOM
dominican_republic,1992,620.0,IPPU,DOM
dominican_republic,1993,580.0,IPPU,DOM
dominican_republic,1994,590.0,IPPU,DOM
dominican_republic,1995,670.0,IPPU,DOM
dominican_republic,1996,780.0,IPPU,DOM
dominican_republic,1997,900.0,IPPU,DOM
dominican_republic,1998,950.0,IPPU,DOM
dominican_republic,1999,1150.0,IPPU,DOM
dominican_republic,2000,1270.0,IPPU,DOM
dominican_republic,2001,1390.0,IPPU,DOM
dominican_republic,2002,1530.0,IPPU,DOM
dominican_republic,2003,1490.0,IPPU,DOM
dominican_republic,2004,1400.0,IPPU,DOM
dominican_republic,2005,1470.0,IPPU,DOM
dominican_republic,2006,1910.0,IPPU,DOM
dominican_republic,2007,2070.0,IPPU,DOM
dominican_republic,2008,2150.0,IPPU,DOM
dominican_republic,2009,2050.0,IPPU,DOM
dominican_republic,2010,2200.0,IPPU,DOM
dominican_republic,2011,2240.0,IPPU,DOM
dominican_republic,2012,2370.0,IPPU,DOM
dominican_republic,2013,2510.0,IPPU,DOM
dominican_republic,2014,2900.0,IPPU,DOM
dominican_republic,2015,3060.0,IPPU,DOM
dominican_republic,2016,3150.0,IPPU,DOM
dominican_republic,2017,3280.0,IPPU,DOM
dominican_republic,2018,3390.0,IPPU,DOM
dominican_republic,2019,3480.0,IPPU,DOM
ecuador,1990,5510.0,CircularEconomy,ECU
ecuador,1991,5740.0,CircularEconomy,ECU
ecuador,1992,5970.0,CircularEconomy,ECU
ecuador,1993,6200.0,CircularEconomy,ECU
ecuador,1994,6420.0,CircularEconomy,ECU
ecuador,1995,6560.0,CircularEconomy,ECU
ecuador,1996,6700.0,CircularEconomy,ECU
ecuador,1997,6830.0,CircularEconomy,ECU
ecuador,1998,6970.0,CircularEconomy,ECU
ecuador,1999,7100.0,CircularEconomy,ECU
ecuador,2000,7240.0,CircularEconomy,ECU
ecuador,2001,7650.0,CircularEconomy,ECU
ecuador,2002,8070.0,CircularEconomy,ECU
ecuador,2003,8480.0,CircularEconomy,ECU
ecuador,2004,8890.0,CircularEconomy,ECU
ecuador,2005,9310.0,CircularEconomy,ECU
ecuador,2006,9720.0,CircularEconomy,ECU
ecuador,2007,9910.0,CircularEconomy,ECU
ecuador,2008,10110.0,CircularEconomy,ECU
ecuador,2009,10300.0,CircularEconomy,ECU
ecuador,2010,10490.0,CircularEconomy,ECU
ecuador,2011,10680.0,CircularEconomy,ECU
ecuador,2012,10880.0,CircularEconomy,ECU
ecuador,2013,11070.0,CircularEconomy,ECU
ecuador,2014,11260.0,CircularEconomy,ECU
ecuador,2015,11460.0,CircularEconomy,ECU
ecuador,2016,11650.0,CircularEconomy,ECU
ecuador,2017,11840.0,CircularEconomy,ECU
ecuador,2018,12030.0,CircularEconomy,ECU
ecuador,2019,12220.0,CircularEconomy,ECU
ecuador,1990,1050.0,IPPU,ECU
ecuador,1991,1070.0,IPPU,ECU
ecuador,1992,1050.0,IPPU,ECU
ecuador,1993,990.0,IPPU,ECU
ecuador,1994,1020.0,IPPU,ECU
ecuador,1995,1220.0,IPPU,ECU
ecuador,1996,1420.0,IPPU,ECU
ecuador,1997,1380.0,IPPU,ECU
ecuador,1998,1270.0,IPPU,ECU
ecuador,1999,1150.0,IPPU,ECU
ecuador,2000,1390.0,IPPU,ECU
ecuador,2001,1450.0,IPPU,ECU
ecuador,2002,1490.0,IPPU,ECU
ecuador,2003,1530.0,IPPU,ECU
ecuador,2004,1700.0,IPPU,ECU
ecuador,2005,1790.0,IPPU,ECU
ecuador,2006,1990.0,IPPU,ECU
ecuador,2007,2130.0,IPPU,ECU
ecuador,2008,2550.0,IPPU,ECU
ecuador,2009,2480.0,IPPU,ECU
ecuador,2010,2500.0,IPPU,ECU
ecuador,2011,2700.0,IPPU,ECU
ecuador,2012,2870.0,IPPU,ECU
ecuador,2013,3180.0,IPPU,ECU
ecuador,2014,3220.0,IPPU,ECU
ecuador,2015,3110.0,IPPU,ECU
ecuador,2016,2940.0,IPPU,ECU
ecuador,2017,3040.0,IPPU,ECU
ecuador,2018,3140.0,IPPU,ECU
ecuador,2019,3200.0,IPPU,ECU
el_salvador,1990,1050.0,CircularEconomy,SLV
el_salvador,1991,1070.0,CircularEconomy,SLV
el_salvador,1992,1090.0,CircularEconomy,SLV
el_salvador,1993,1110.0,CircularEconomy,SLV
el_salvador,1994,1130.0,CircularEconomy,SLV
el_salvador,1995,1200.0,CircularEconomy,SLV
el_salvador,1996,1270.0,CircularEconomy,SLV
el_salvador,1997,1330.0,CircularEconomy,SLV
el_salvador,1998,1400.0,CircularEconomy,SLV
el_salvador,1999,1470.0,CircularEconomy,SLV
el_salvador,2000,1540.0,CircularEconomy,SLV
el_salvador,2001,1610.0,CircularEconomy,SLV
el_salvador,2002,1680.0,CircularEconomy,SLV
el_salvador,2003,1750.0,CircularEconomy,SLV
el_salvador,2004,1820.0,CircularEconomy,SLV
el_salvador,2005,1880.0,CircularEconomy,SLV
el_salvador,2006,1900.0,CircularEconomy,SLV
el_salvador,2007,1920.0,CircularEconomy,SLV
el_salvador,2008,1940.0,CircularEconomy,SLV
el_salvador,2009,1960.0,CircularEconomy,SLV
el_salvador,2010,1980.0,CircularEconomy,SLV
el_salvador,2011,2000.0,CircularEconomy,SLV
el_salvador,2012,2010.0,CircularEconomy,SLV
el_salvador,2013,2030.0,CircularEconomy,SLV
el_salvador,2014,2040.0,CircularEconomy,SLV
el_salvador,2015,2060.0,CircularEconomy,SLV
el_salvador,2016,2080.0,CircularEconomy,SLV
el_salvador,2017,2090.0,CircularEconomy,SLV
el_salvador,2018,2110.0,CircularEconomy,SLV
el_salvador,2019,2120.0,CircularEconomy,SLV
el_salvador,1990,290.0,IPPU,SLV
el_salvador,1991,310.0,IPPU,SLV
el_salvador,1992,190.0,IPPU,SLV
el_salvador,1993,390.0,IPPU,SLV
el_salvador,1994,380.0,IPPU,SLV
el_salvador,1995,400.0,IPPU,SLV
el_salvador,1996,430.0,IPPU,SLV
el_salvador,1997,470.0,IPPU,SLV
el_salvador,1998,500.0,IPPU,SLV
el_salvador,1999,490.0,IPPU,SLV
el_salvador,2000,510.0,IPPU,SLV
el_salvador,2001,560.0,IPPU,SLV
el_salvador,2002,630.0,IPPU,SLV
el_salvador,2003,660.0,IPPU,SLV
el_salvador,2004,610.0,IPPU,SLV
el_salvador,2005,560.0,IPPU,SLV
el_salvador,2006,640.0,IPPU,SLV
el_salvador,2007,640.0,IPPU,SLV
el_salvador,2008,650.0,IPPU,SLV
el_salvador,2009,630.0,IPPU,SLV
el_salvador,2010,670.0,IPPU,SLV
el_salvador,2011,700.0,IPPU,SLV
el_salvador,2012,740.0,IPPU,SLV
el_salvador,2013,700.0,IPPU,SLV
el_salvador,2014,640.0,IPPU,SLV
el_salvador,2015,660.0,IPPU,SLV
el_salvador,2016,690.0,IPPU,SLV
el_salvador,2017,710.0,IPPU,SLV
el_salvador,2018,740.0,IPPU,SLV
el_salvador,2019,760.0,IPPU,SLV
guatemala,1990,1000.0,CircularEconomy,GTM
guatemala,1991,1020.0,CircularEconomy,GTM
guatemala,1992,1050.0,CircularEconomy,GTM
guatemala,1993,1080.0,CircularEconomy,GTM
guatemala,1994,1100.0,CircularEconomy,GTM
guatemala,1995,1130.0,CircularEconomy,GTM
guatemala,1996,1160.0,CircularEconomy,GTM
guatemala,1997,1190.0,CircularEconomy,GTM
guatemala,1998,1210.0,CircularEconomy,GTM
guatemala,1999,1240.0,CircularEconomy,GTM
guatemala,2000,1270.0,CircularEconomy,GTM
guatemala,2001,1300.0,CircularEconomy,GTM
guatemala,2002,1340.0,CircularEconomy,GTM
guatemala,2003,1370.0,CircularEconomy,GTM
guatemala,2004,1410.0,CircularEconomy,GTM
guatemala,2005,1440.0,CircularEconomy,GTM
guatemala,2006,1480.0,CircularEconomy,GTM
guatemala,2007,1510.0,CircularEconomy,GTM
guatemala,2008,1550.0,CircularEconomy,GTM
guatemala,2009,1590.0,CircularEconomy,GTM
guatemala,2010,1620.0,CircularEconomy,GTM
guatemala,2011,1660.0,CircularEconomy,GTM
guatemala,2012,1700.0,CircularEconomy,GTM
guatemala,2013,1740.0,CircularEconomy,GTM
guatemala,2014,1780.0,CircularEconomy,GTM
guatemala,2015,1820.0,CircularEconomy,GTM
guatemala,2016,1860.0,CircularEconomy,GTM
guatemala,2017,1900.0,CircularEconomy,GTM
guatemala,2018,1940.0,CircularEconomy,GTM
guatemala,2019,1980.0,CircularEconomy,GTM
guatemala,1990,740.0,IPPU,GTM
guatemala,1991,640.0,IPPU,GTM
guatemala,1992,620.0,IPPU,GTM
guatemala,1993,500.0,IPPU,GTM
guatemala,1994,540.0,IPPU,GTM
guatemala,1995,520.0,IPPU,GTM
guatemala,1996,500.0,IPPU,GTM
guatemala,1997,590.0,IPPU,GTM
guatemala,1998,690.0,IPPU,GTM
guatemala,1999,740.0,IPPU,GTM
guatemala,2000,900.0,IPPU,GTM
guatemala,2001,930.0,IPPU,GTM
guatemala,2002,930.0,IPPU,GTM
guatemala,2003,930.0,IPPU,GTM
guatemala,2004,1020.0,IPPU,GTM
guatemala,2005,1110.0,IPPU,GTM
guatemala,2006,1110.0,IPPU,GTM
guatemala,2007,1160.0,IPPU,GTM
guatemala,2008,1170.0,IPPU,GTM
guatemala,2009,780.0,IPPU,GTM
guatemala,2010,1310.0,IPPU,GTM
guatemala,2011,1350.0,IPPU,GTM
guatemala,2012,1380.0,IPPU,GTM
guatemala,2013,1440.0,IPPU,GTM
guatemala,2014,1680.0,IPPU,GTM
guatemala,2015,1700.0,IPPU,GTM
guatemala,2016,1770.0,IPPU,GTM
guatemala,2017,1840.0,IPPU,GTM
guatemala,2018,1910.0,IPPU,GTM
guatemala,2019,1940.0,IPPU,GTM
guyana,1990,130.0,CircularEconomy,GUY
guyana,1991,130.0,CircularEconomy,GUY
guyana,1992,130.0,CircularEconomy,GUY
guyana,1993,130.0,CircularEconomy,GUY
guyana,1994,130.0,CircularEconomy,GUY
guyana,1995,130.0,CircularEconomy,GUY
guyana,1996,130.0,CircularEconomy,GUY
guyana,1997,130.0,CircularEconomy,GUY
guyana,1998,130.0,CircularEconomy,GUY
guyana,1999,130.0,CircularEconomy,GUY
guyana,2000,140.0,CircularEconomy,GUY
guyana,2001,140.0,CircularEconomy,GUY
guyana,2002,150.0,CircularEconomy,GUY
guyana,2003,150.0,CircularEconomy,GUY
guyana,2004,150.0,CircularEconomy,GUY
guyana,2005,150.0,CircularEconomy,GUY
guyana,2006,150.0,CircularEconomy,GUY
guyana,2007,150.0,CircularEconomy,GUY
guyana,2008,150.0,CircularEconomy,GUY
guyana,2009,160.0,CircularEconomy,GUY
guyana,2010,160.0,CircularEconomy,GUY
guyana,2011,160.0,CircularEconomy,GUY
guyana,2012,160.0,CircularEconomy,GUY
guyana,2013,160.0,CircularEconomy,GUY
guyana,2014,160.0,CircularEconomy,GUY
guyana,2015,160.0,CircularEconomy,GUY
guyana,2016,160.0,CircularEconomy,GUY
guyana,2017,160.0,CircularEconomy,GUY
guyana,2018,160.0,CircularEconomy,GUY
guyana,2019,160.0,CircularEconomy,GUY
guyana,1990,0.0,IPPU,GUY
guyana,1991,0.0,IPPU,GUY
guyana,1992,0.0,IPPU,GUY
guyana,1993,0.0,IPPU,GUY
guyana,1994,0.0,IPPU,GUY
guyana,1995,0.0,IPPU,GUY
guyana,1996,10.0,IPPU,GUY
guyana,1997,10.0,IPPU,GUY
guyana,1998,10.0,IPPU,GUY
guyana,1999,10.0,IPPU,GUY
guyana,2000,10.0,IPPU,GUY
guyana,2001,20.0,IPPU,GUY
guyana,2002,20.0,IPPU,GUY
guyana,2003,20.0,IPPU,GUY
guyana,2004,20.0,IPPU,GUY
guyana,2005,20.0,IPPU,GUY
guyana,2006,20.0,IPPU,GUY
guyana,2007,20.0,IPPU,GUY
guyana,2008,30.0,IPPU,GUY
guyana,2009,30.0,IPPU,GUY
guyana,2010,30.0,IPPU,GUY
guyana,2011,40.0,IPPU,GUY
guyana,2012,50.0,IPPU,GUY
guyana,2013,50.0,IPPU,GUY
guyana,2014,60.0,IPPU,GUY
guyana,2015,100.0,IPPU,GUY
guyana,2016,230.0,IPPU,GUY
guyana,2017,240.0,IPPU,GUY
guyana,2018,250.0,IPPU,GUY
guyana,2019,250.0,IPPU,GUY
haiti,1990,820.0,CircularEconomy,HTI
haiti,1991,840.0,CircularEconomy,HTI
haiti,1992,860.0,CircularEconomy,HTI
haiti,1993,880.0,CircularEconomy,HTI
haiti,1994,900.0,CircularEconomy,HTI
haiti,1995,920.0,CircularEconomy,HTI
haiti,1996,1000.0,CircularEconomy,HTI
haiti,1997,960.0,CircularEconomy,HTI
haiti,1998,980.0,CircularEconomy,HTI
haiti,1999,1010.0,CircularEconomy,HTI
haiti,2000,1030.0,CircularEconomy,HTI
haiti,2001,1050.0,CircularEconomy,HTI
haiti,2002,1080.0,CircularEconomy,HTI
haiti,2003,1100.0,CircularEconomy,HTI
haiti,2004,1130.0,CircularEconomy,HTI
haiti,2005,1150.0,CircularEconomy,HTI
haiti,2006,1180.0,CircularEconomy,HTI
haiti,2007,1200.0,CircularEconomy,HTI
haiti,2008,1230.0,CircularEconomy,HTI
haiti,2009,1250.0,CircularEconomy,HTI
haiti,2010,1280.0,CircularEconomy,HTI
haiti,2011,1300.0,CircularEconomy,HTI
haiti,2012,1330.0,CircularEconomy,HTI
haiti,2013,1350.0,CircularEconomy,HTI
haiti,2014,1380.0,CircularEconomy,HTI
haiti,2015,1400.0,CircularEconomy,HTI
haiti,2016,1420.0,CircularEconomy,HTI
haiti,2017,1450.0,CircularEconomy,HTI
haiti,2018,1470.0,CircularEconomy,HTI
haiti,2019,1490.0,CircularEconomy,HTI
haiti,1990,90.0,IPPU,HTI
haiti,1991,110.0,IPPU,HTI
haiti,1992,90.0,IPPU,HTI
haiti,1993,50.0,IPPU,HTI
haiti,1994,10.0,IPPU,HTI
haiti,1995,10.0,IPPU,HTI
haiti,1996,10.0,IPPU,HTI
haiti,1997,20.0,IPPU,HTI
haiti,1998,20.0,IPPU,HTI
haiti,1999,30.0,IPPU,HTI
haiti,2000,30.0,IPPU,HTI
haiti,2001,130.0,IPPU,HTI
haiti,2002,170.0,IPPU,HTI
haiti,2003,180.0,IPPU,HTI
haiti,2004,190.0,IPPU,HTI
haiti,2005,200.0,IPPU,HTI
haiti,2006,210.0,IPPU,HTI
haiti,2007,220.0,IPPU,HTI
haiti,2008,240.0,IPPU,HTI
haiti,2009,250.0,IPPU,HTI
haiti,2010,270.0,IPPU,HTI
haiti,2011,180.0,IPPU,HTI
haiti,2012,200.0,IPPU,HTI
haiti,2013,220.0,IPPU,HTI
haiti,2014,270.0,IPPU,HTI
haiti,2015,280.0,IPPU,HTI
haiti,2016,300.0,IPPU,HTI
haiti,2017,320.0,IPPU,HTI
haiti,2018,350.0,IPPU,HTI
haiti,2019,370.0,IPPU,HTI
honduras,1990,2980.0,CircularEconomy,HND
honduras,1991,3070.0,CircularEconomy,HND
honduras,1992,3170.0,CircularEconomy,HND
honduras,1993,3260.0,CircularEconomy,HND
honduras,1994,3350.0,CircularEconomy,HND
honduras,1995,3450.0,CircularEconomy,HND
honduras,1996,3160.0,CircularEconomy,HND
honduras,1997,2880.0,CircularEconomy,HND
honduras,1998,2590.0,CircularEconomy,HND
honduras,1999,2310.0,CircularEconomy,HND
honduras,2000,2020.0,CircularEconomy,HND
honduras,2001,2070.0,CircularEconomy,HND
honduras,2002,2130.0,CircularEconomy,HND
honduras,2003,2180.0,CircularEconomy,HND
honduras,2004,2230.0,CircularEconomy,HND
honduras,2005,2280.0,CircularEconomy,HND
honduras,2006,2330.0,CircularEconomy,HND
honduras,2007,2390.0,CircularEconomy,HND
honduras,2008,2440.0,CircularEconomy,HND
honduras,2009,2490.0,CircularEconomy,HND
honduras,2010,2540.0,CircularEconomy,HND
honduras,2011,2590.0,CircularEconomy,HND
honduras,2012,2630.0,CircularEconomy,HND
honduras,2013,2680.0,CircularEconomy,HND
honduras,2014,2730.0,CircularEconomy,HND
honduras,2015,2770.0,CircularEconomy,HND
honduras,2016,2820.0,CircularEconomy,HND
honduras,2017,2870.0,CircularEconomy,HND
honduras,2018,2920.0,CircularEconomy,HND
honduras,2019,2970.0,CircularEconomy,HND
honduras,1990,290.0,IPPU,HND
honduras,1991,310.0,IPPU,HND
honduras,1992,300.0,IPPU,HND
honduras,1993,330.0,IPPU,HND
honduras,1994,290.0,IPPU,HND
honduras,1995,330.0,IPPU,HND
honduras,1996,450.0,IPPU,HND
honduras,1997,510.0,IPPU,HND
honduras,1998,480.0,IPPU,HND
honduras,1999,540.0,IPPU,HND
honduras,2000,690.0,IPPU,HND
honduras,2001,710.0,IPPU,HND
honduras,2002,690.0,IPPU,HND
honduras,2003,720.0,IPPU,HND
honduras,2004,780.0,IPPU,HND
honduras,2005,790.0,IPPU,HND
honduras,2006,940.0,IPPU,HND
honduras,2007,1020.0,IPPU,HND
honduras,2008,1070.0,IPPU,HND
honduras,2009,1110.0,IPPU,HND
honduras,2010,1130.0,IPPU,HND
honduras,2011,1290.0,IPPU,HND
honduras,2012,1480.0,IPPU,HND
honduras,2013,1500.0,IPPU,HND
honduras,2014,1560.0,IPPU,HND
honduras,2015,1710.0,IPPU,HND
honduras,2016,1800.0,IPPU,HND
honduras,2017,1890.0,IPPU,HND
honduras,2018,2030.0,IPPU,HND
honduras,2019,2120.0,IPPU,HND
jamaica,1990,410.0,CircularEconomy,JAM
jamaica,1991,420.0,CircularEconomy,JAM
jamaica,1992,430.0,CircularEconomy,JAM
jamaica,1993,430.0,CircularEconomy,JAM
jamaica,1994,440.0,CircularEconomy,JAM
jamaica,1995,440.0,CircularEconomy,JAM
jamaica,1996,450.0,CircularEconomy,JAM
jamaica,1997,450.0,CircularEconomy,JAM
jamaica,1998,460.0,CircularEconomy,JAM
jamaica,1999,460.0,CircularEconomy,JAM
jamaica,2000,470.0,CircularEconomy,JAM
jamaica,2001,470.0,CircularEconomy,JAM
jamaica,2002,480.0,CircularEconomy,JAM
jamaica,2003,490.0,CircularEconomy,JAM
jamaica,2004,490.0,CircularEconomy,JAM
jamaica,2005,500.0,CircularEconomy,JAM
jamaica,2006,500.0,CircularEconomy,JAM
jamaica,2007,500.0,CircularEconomy,JAM
jamaica,2008,510.0,CircularEconomy,JAM
jamaica,2009,510.0,CircularEconomy,JAM
jamaica,2010,510.0,CircularEconomy,JAM
jamaica,2011,520.0,CircularEconomy,JAM
jamaica,2012,520.0,CircularEconomy,JAM
jamaica,2013,520.0,CircularEconomy,JAM
jamaica,2014,530.0,CircularEconomy,JAM
jamaica,2015,530.0,CircularEconomy,JAM
jamaica,2016,530.0,CircularEconomy,JAM
jamaica,2017,530.0,CircularEconomy,JAM
jamaica,2018,540.0,CircularEconomy,JAM
jamaica,2019,540.0,CircularEconomy,JAM
jamaica,1990,240.0,IPPU,JAM
jamaica,1991,210.0,IPPU,JAM
jamaica,1992,260.0,IPPU,JAM
jamaica,1993,250.0,IPPU,JAM
jamaica,1994,250.0,IPPU,JAM
jamaica,1995,290.0,IPPU,JAM
jamaica,1996,300.0,IPPU,JAM
jamaica,1997,280.0,IPPU,JAM
jamaica,1998,310.0,IPPU,JAM
jamaica,1999,300.0,IPPU,JAM
jamaica,2000,340.0,IPPU,JAM
jamaica,2001,340.0,IPPU,JAM
jamaica,2002,350.0,IPPU,JAM
jamaica,2003,400.0,IPPU,JAM
jamaica,2004,410.0,IPPU,JAM
jamaica,2005,380.0,IPPU,JAM
jamaica,2006,420.0,IPPU,JAM
jamaica,2007,390.0,IPPU,JAM
jamaica,2008,420.0,IPPU,JAM
jamaica,2009,520.0,IPPU,JAM
jamaica,2010,470.0,IPPU,JAM
jamaica,2011,490.0,IPPU,JAM
jamaica,2012,520.0,IPPU,JAM
jamaica,2013,570.0,IPPU,JAM
jamaica,2014,640.0,IPPU,JAM
jamaica,2015,670.0,IPPU,JAM
jamaica,2016,670.0,IPPU,JAM
jamaica,2017,650.0,IPPU,JAM
jamaica,2018,630.0,IPPU,JAM
jamaica,2019,670.0,IPPU,JAM
mexico,1990,8020.0,CircularEconomy,MEX
mexico,1991,8690.0,CircularEconomy,MEX
mexico,1992,9350.0,CircularEconomy,MEX
mexico,1993,15210.0,CircularEconomy,MEX
mexico,1994,15830.0,CircularEconomy,MEX
mexico,1995,16450.0,CircularEconomy,MEX
mexico,1996,17000.0,CircularEconomy,MEX
mexico,1997,16950.0,CircularEconomy,MEX
mexico,1998,16920.0,CircularEconomy,MEX
mexico,1999,17740.0,CircularEconomy,MEX
mexico,2000,18780.0,CircularEconomy,MEX
mexico,2001,19370.0,CircularEconomy,MEX
mexico,2002,20170.0,CircularEconomy,MEX
mexico,2003,20860.0,CircularEconomy,MEX
mexico,2004,21810.0,CircularEconomy,MEX
mexico,2005,23150.0,CircularEconomy,MEX
mexico,2006,25450.0,CircularEconomy,MEX
mexico,2007,26960.0,CircularEconomy,MEX
mexico,2008,28530.0,CircularEconomy,MEX
mexico,2009,29560.0,CircularEconomy,MEX
mexico,2010,30970.0,CircularEconomy,MEX
mexico,2011,32800.0,CircularEconomy,MEX
mexico,2012,32890.0,CircularEconomy,MEX
mexico,2013,26290.0,CircularEconomy,MEX
mexico,2014,35260.0,CircularEconomy,MEX
mexico,2015,44220.0,CircularEconomy,MEX
mexico,2016,45070.0,CircularEconomy,MEX
mexico,2017,45910.0,CircularEconomy,MEX
mexico,2018,46760.0,CircularEconomy,MEX
mexico,2019,47600.0,CircularEconomy,MEX
mexico,1990,13260.0,IPPU,MEX
mexico,1991,13670.0,IPPU,MEX
mexico,1992,13890.0,IPPU,MEX
mexico,1993,14900.0,IPPU,MEX
mexico,1994,16140.0,IPPU,MEX
mexico,1995,13830.0,IPPU,MEX
mexico,1996,17070.0,IPPU,MEX
mexico,1997,18010.0,IPPU,MEX
mexico,1998,18550.0,IPPU,MEX
mexico,1999,19960.0,IPPU,MEX
mexico,2000,20280.0,IPPU,MEX
mexico,2001,19600.0,IPPU,MEX
mexico,2002,20860.0,IPPU,MEX
mexico,2003,21350.0,IPPU,MEX
mexico,2004,23150.0,IPPU,MEX
mexico,2005,25210.0,IPPU,MEX
mexico,2006,28680.0,IPPU,MEX
mexico,2007,31480.0,IPPU,MEX
mexico,2008,32260.0,IPPU,MEX
mexico,2009,32240.000000000004,IPPU,MEX
mexico,2010,32550.0,IPPU,MEX
mexico,2011,34270.0,IPPU,MEX
mexico,2012,34950.0,IPPU,MEX
mexico,2013,35080.0,IPPU,MEX
mexico,2014,36510.0,IPPU,MEX
mexico,2015,38030.0,IPPU,MEX
mexico,2016,37160.0,IPPU,MEX
mexico,2017,38370.0,IPPU,MEX
mexico,2018,42040.0,IPPU,MEX
mexico,2019,42810.0,IPPU,MEX
nicaragua,1990,350.0,CircularEconomy,NIC
nicaragua,1991,360.0,CircularEconomy,NIC
nicaragua,1992,370.0,CircularEconomy,NIC
nicaragua,1993,380.0,CircularEconomy,NIC
nicaragua,1994,390.0,CircularEconomy,NIC
nicaragua,1995,450.0,CircularEconomy,NIC
nicaragua,1996,510.0,CircularEconomy,NIC
nicaragua,1997,570.0,CircularEconomy,NIC
nicaragua,1998,640.0,CircularEconomy,NIC
nicaragua,1999,700.0,CircularEconomy,NIC
nicaragua,2000,760.0,CircularEconomy,NIC
nicaragua,2001,780.0,CircularEconomy,NIC
nicaragua,2002,790.0,CircularEconomy,NIC
nicaragua,2003,810.0,CircularEconomy,NIC
nicaragua,2004,830.0,CircularEconomy,NIC
nicaragua,2005,850.0,CircularEconomy,NIC
nicaragua,2006,860.0,CircularEconomy,NIC
nicaragua,2007,880.0,CircularEconomy,NIC
nicaragua,2008,900.0,CircularEconomy,NIC
nicaragua,2009,920.0,CircularEconomy,NIC
nicaragua,2010,930.0,CircularEconomy,NIC
nicaragua,2011,950.0,CircularEconomy,NIC
nicaragua,2012,960.0,CircularEconomy,NIC
nicaragua,2013,980.0,CircularEconomy,NIC
nicaragua,2014,990.0,CircularEconomy,NIC
nicaragua,2015,1010.0,CircularEconomy,NIC
nicaragua,2016,1030.0,CircularEconomy,NIC
nicaragua,2017,1040.0,CircularEconomy,NIC
nicaragua,2018,1060.0,CircularEconomy,NIC
nicaragua,2019,1070.0,CircularEconomy,NIC
nicaragua,1990,100.0,IPPU,NIC
nicaragua,1991,110.0,IPPU,NIC
nicaragua,1992,130.0,IPPU,NIC
nicaragua,1993,130.0,IPPU,NIC
nicaragua,1994,150.0,IPPU,NIC
nicaragua,1995,160.0,IPPU,NIC
nicaragua,1996,190.0,IPPU,NIC
nicaragua,1997,210.0,IPPU,NIC
nicaragua,1998,220.0,IPPU,NIC
nicaragua,1999,230.0,IPPU,NIC
nicaragua,2000,320.0,IPPU,NIC
nicaragua,2001,320.0,IPPU,NIC
nicaragua,2002,340.0,IPPU,NIC
nicaragua,2003,490.0,IPPU,NIC
nicaragua,2004,340.0,IPPU,NIC
nicaragua,2005,350.0,IPPU,NIC
nicaragua,2006,380.0,IPPU,NIC
nicaragua,2007,400.0,IPPU,NIC
nicaragua,2008,420.0,IPPU,NIC
nicaragua,2009,450.0,IPPU,NIC
nicaragua,2010,500.0,IPPU,NIC
nicaragua,2011,580.0,IPPU,NIC
nicaragua,2012,590.0,IPPU,NIC
nicaragua,2013,650.0,IPPU,NIC
nicaragua,2014,710.0,IPPU,NIC
nicaragua,2015,760.0,IPPU,NIC
nicaragua,2016,800.0,IPPU,NIC
nicaragua,2017,930.0,IPPU,NIC
nicaragua,2018,980.0,IPPU,NIC
nicaragua,2019,1020.0,IPPU,NIC
panama,1990,1770.0,CircularEconomy,PAN
panama,1991,1820.0,CircularEconomy,PAN
panama,1992,1860.0,CircularEconomy,PAN
panama,1993,1910.0,CircularEconomy,PAN
panama,1994,1960.0,CircularEconomy,PAN
panama,1995,1840.0,CircularEconomy,PAN
panama,1996,1730.0,CircularEconomy,PAN
panama,1997,1620.0,CircularEconomy,PAN
panama,1998,1500.0,CircularEconomy,PAN
panama,1999,1390.0,CircularEconomy,PAN
panama,2000,1280.0,CircularEconomy,PAN
panama,2001,1330.0,CircularEconomy,PAN
panama,2002,1370.0,CircularEconomy,PAN
panama,2003,1420.0,CircularEconomy,PAN
panama,2004,1470.0,CircularEconomy,PAN
panama,2005,1520.0,CircularEconomy,PAN
panama,2006,1590.0,CircularEconomy,PAN
panama,2007,1660.0,CircularEconomy,PAN
panama,2008,1720.0,CircularEconomy,PAN
panama,2009,1790.0,CircularEconomy,PAN
panama,2010,1860.0,CircularEconomy,PAN
panama,2011,1940.0,CircularEconomy,PAN
panama,2012,2020.0,CircularEconomy,PAN
panama,2013,2090.0,CircularEconomy,PAN
panama,2014,2170.0,CircularEconomy,PAN
panama,2015,2250.0,CircularEconomy,PAN
panama,2016,2340.0,CircularEconomy,PAN
panama,2017,2420.0,CircularEconomy,PAN
panama,2018,2500.0,CircularEconomy,PAN
panama,2019,2590.0,CircularEconomy,PAN
panama,1990,140.0,IPPU,PAN
panama,1991,150.0,IPPU,PAN
panama,1992,130.0,IPPU,PAN
panama,1993,280.0,IPPU,PAN
panama,1994,300.0,IPPU,PAN
panama,1995,310.0,IPPU,PAN
panama,1996,350.0,IPPU,PAN
panama,1997,400.0,IPPU,PAN
panama,1998,440.0,IPPU,PAN
panama,1999,470.0,IPPU,PAN
panama,2000,580.0,IPPU,PAN
panama,2001,540.0,IPPU,PAN
panama,2002,520.0,IPPU,PAN
panama,2003,600.0,IPPU,PAN
panama,2004,670.0,IPPU,PAN
panama,2005,690.0,IPPU,PAN
panama,2006,730.0,IPPU,PAN
panama,2007,780.0,IPPU,PAN
panama,2008,1130.0,IPPU,PAN
panama,2009,1110.0,IPPU,PAN
panama,2010,1080.0,IPPU,PAN
panama,2011,1270.0,IPPU,PAN
panama,2012,1560.0,IPPU,PAN
panama,2013,1670.0,IPPU,PAN
panama,2014,1680.0,IPPU,PAN
panama,2015,1770.0,IPPU,PAN
panama,2016,1860.0,IPPU,PAN
panama,2017,1830.0,IPPU,PAN
panama,2018,1950.0,IPPU,PAN
panama,2019,2040.0,IPPU,PAN
paraguay,1990,11190.0,CircularEconomy,PRY
paraguay,1991,9550.0,CircularEconomy,PRY
paraguay,1992,7920.0,CircularEconomy,PRY
paraguay,1993,6290.0,CircularEconomy,PRY
paraguay,1994,4750.0,CircularEconomy,PRY
paraguay,1995,4870.0,CircularEconomy,PRY
paraguay,1996,4990.0,CircularEconomy,PRY
paraguay,1997,5120.0,CircularEconomy,PRY
paraguay,1998,5240.0,CircularEconomy,PRY
paraguay,1999,5370.0,CircularEconomy,PRY
paraguay,2000,5950.0,CircularEconomy,PRY
paraguay,2001,6060.0,CircularEconomy,PRY
paraguay,2002,6170.0,CircularEconomy,PRY
paraguay,2003,6280.0,CircularEconomy,PRY
paraguay,2004,6390.0,CircularEconomy,PRY
paraguay,2005,6500.0,CircularEconomy,PRY
paraguay,2006,6590.0,CircularEconomy,PRY
paraguay,2007,6680.0,CircularEconomy,PRY
paraguay,2008,6770.0,CircularEconomy,PRY
paraguay,2009,6860.0,CircularEconomy,PRY
paraguay,2010,6950.0,CircularEconomy,PRY
paraguay,2011,7040.0,CircularEconomy,PRY
paraguay,2012,7140.0,CircularEconomy,PRY
paraguay,2013,7240.0,CircularEconomy,PRY
paraguay,2014,7330.0,CircularEconomy,PRY
paraguay,2015,7430.0,CircularEconomy,PRY
paraguay,2016,7530.0,CircularEconomy,PRY
paraguay,2017,7630.0,CircularEconomy,PRY
paraguay,2018,7720.0,CircularEconomy,PRY
paraguay,2019,7820.0,CircularEconomy,PRY
paraguay,1990,160.0,IPPU,PRY
paraguay,1991,160.0,IPPU,PRY
paraguay,1992,250.0,IPPU,PRY
paraguay,1993,250.0,IPPU,PRY
paraguay,1994,310.0,IPPU,PRY
paraguay,1995,350.0,IPPU,PRY
paraguay,1996,370.0,IPPU,PRY
paraguay,1997,400.0,IPPU,PRY
paraguay,1998,410.0,IPPU,PRY
paraguay,1999,440.0,IPPU,PRY
paraguay,2000,480.0,IPPU,PRY
paraguay,2001,460.0,IPPU,PRY
paraguay,2002,470.0,IPPU,PRY
paraguay,2003,530.0,IPPU,PRY
paraguay,2004,530.0,IPPU,PRY
paraguay,2005,570.0,IPPU,PRY
paraguay,2006,640.0,IPPU,PRY
paraguay,2007,680.0,IPPU,PRY
paraguay,2008,770.0,IPPU,PRY
paraguay,2009,880.0,IPPU,PRY
paraguay,2010,930.0,IPPU,PRY
paraguay,2011,1000.0,IPPU,PRY
paraguay,2012,1200.0,IPPU,PRY
paraguay,2013,1250.0,IPPU,PRY
paraguay,2014,1400.0,IPPU,PRY
paraguay,2015,1610.0,IPPU,PRY
paraguay,2016,1760.0,IPPU,PRY
paraguay,2017,1900.0,IPPU,PRY
paraguay,2018,2020.0,IPPU,PRY
paraguay,2019,2140.0,IPPU,PRY
peru,1990,3180.0,CircularEconomy,PER
peru,1991,3260.0,CircularEconomy,PER
peru,1992,3340.0,CircularEconomy,PER
peru,1993,3420.0,CircularEconomy,PER
peru,1994,4260.0,CircularEconomy,PER
peru,1995,5130.0,CircularEconomy,PER
peru,1996,5990.0,CircularEconomy,PER
peru,1997,6850.0,CircularEconomy,PER
peru,1998,7720.0,CircularEconomy,PER
peru,1999,8580.0,CircularEconomy,PER
peru,2000,9440.0,CircularEconomy,PER
peru,2001,9490.0,CircularEconomy,PER
peru,2002,9540.0,CircularEconomy,PER
peru,2003,9600.0,CircularEconomy,PER
peru,2004,9650.0,CircularEconomy,PER
peru,2005,9700.0,CircularEconomy,PER
peru,2006,9760.0,CircularEconomy,PER
peru,2007,9820.0,CircularEconomy,PER
peru,2008,9890.0,CircularEconomy,PER
peru,2009,9950.0,CircularEconomy,PER
peru,2010,10010.0,CircularEconomy,PER
peru,2011,10180.0,CircularEconomy,PER
peru,2012,10360.0,CircularEconomy,PER
peru,2013,10530.0,CircularEconomy,PER
peru,2014,10700.0,CircularEconomy,PER
peru,2015,10880.0,CircularEconomy,PER
peru,2016,11050.0,CircularEconomy,PER
peru,2017,11220.0,CircularEconomy,PER
peru,2018,11390.0,CircularEconomy,PER
peru,2019,11560.0,CircularEconomy,PER
peru,1990,1270.0,IPPU,PER
peru,1991,1260.0,IPPU,PER
peru,1992,1180.0,IPPU,PER
peru,1993,1350.0,IPPU,PER
peru,1994,1660.0,IPPU,PER
peru,1995,1920.0,IPPU,PER
peru,1996,1960.0,IPPU,PER
peru,1997,2190.0,IPPU,PER
peru,1998,2230.0,IPPU,PER
peru,1999,2010.0,IPPU,PER
peru,2000,2080.0,IPPU,PER
peru,2001,2120.0,IPPU,PER
peru,2002,2160.0,IPPU,PER
peru,2003,2190.0,IPPU,PER
peru,2004,2490.0,IPPU,PER
peru,2005,2750.0,IPPU,PER
peru,2006,3040.0,IPPU,PER
peru,2007,3210.0,IPPU,PER
peru,2008,3470.0,IPPU,PER
peru,2009,3910.0,IPPU,PER
peru,2010,3970.0,IPPU,PER
peru,2011,4010.0,IPPU,PER
peru,2012,4510.0,IPPU,PER
peru,2013,5100.0,IPPU,PER
peru,2014,5510.0,IPPU,PER
peru,2015,5460.0,IPPU,PER
peru,2016,5410.0,IPPU,PER
peru,2017,5450.0,IPPU,PER
peru,2018,5570.0,IPPU,PER
peru,2019,5650.0,IPPU,PER
suriname,1990,70.0,CircularEconomy,SUR
suriname,1991,70.0,CircularEconomy,SUR
suriname,1992,70.0,CircularEconomy,SUR
suriname,1993,70.0,CircularEconomy,SUR
suriname,1994,70.0,CircularEconomy,SUR
suriname,1995,80.0,CircularEconomy,SUR
suriname,1996,80.0,CircularEconomy,SUR
suriname,1997,80.0,CircularEconomy,SUR
suriname,1998,80.0,CircularEconomy,SUR
suriname,1999,80.0,CircularEconomy,SUR
suriname,2000,80.0,CircularEconomy,SUR
suriname,2001,80.0,CircularEconomy,SUR
suriname,2002,80.0,CircularEconomy,SUR
suriname,2003,80.0,CircularEconomy,SUR
suriname,2004,80.0,CircularEconomy,SUR
suriname,2005,80.0,CircularEconomy,SUR
suriname,2006,80.0,CircularEconomy,SUR
suriname,2007,90.0,CircularEconomy,SUR
suriname,2008,90.0,CircularEconomy,SUR
suriname,2009,90.0,CircularEconomy,SUR
suriname,2010,90.0,CircularEconomy,SUR
suriname,2011,90.0,CircularEconomy,SUR
suriname,2012,90.0,CircularEconomy,SUR
suriname,2013,90.0,CircularEconomy,SUR
suriname,2014,90.0,CircularEconomy,SUR
suriname,2015,90.0,CircularEconomy,SUR
suriname,2016,100.0,CircularEconomy,SUR
suriname,2017,100.0,CircularEconomy,SUR
suriname,2018,100.0,CircularEconomy,SUR
suriname,2019,100.0,CircularEconomy,SUR
suriname,1990,190.0,IPPU,SUR
suriname,1991,180.0,IPPU,SUR
suriname,1992,170.0,IPPU,SUR
suriname,1993,160.0,IPPU,SUR
suriname,1994,150.0,IPPU,SUR
suriname,1995,130.0,IPPU,SUR
suriname,1996,120.0,IPPU,SUR
suriname,1997,100.0,IPPU,SUR
suriname,1998,80.0,IPPU,SUR
suriname,1999,60.0,IPPU,SUR
suriname,2000,50.0,IPPU,SUR
suriname,2001,50.0,IPPU,SUR
suriname,2002,50.0,IPPU,SUR
suriname,2003,50.0,IPPU,SUR
suriname,2004,50.0,IPPU,SUR
suriname,2005,50.0,IPPU,SUR
suriname,2006,60.0,IPPU,SUR
suriname,2007,60.0,IPPU,SUR
suriname,2008,60.0,IPPU,SUR
suriname,2009,60.0,IPPU,SUR
suriname,2010,60.0,IPPU,SUR
suriname,2011,80.0,IPPU,SUR
suriname,2012,100.0,IPPU,SUR
suriname,2013,110.0,IPPU,SUR
suriname,2014,100.0,IPPU,SUR
suriname,2015,100.0,IPPU,SUR
suriname,2016,90.0,IPPU,SUR
suriname,2017,100.0,IPPU,SUR
suriname,2018,110.0,IPPU,SUR
suriname,2019,120.0,IPPU,SUR
trinidad_and_tobago,1990,720.0,CircularEconomy,TTO
trinidad_and_tobago,1991,720.0,CircularEconomy,TTO
trinidad_and_tobago,1992,730.0,CircularEconomy,TTO
trinidad_and_tobago,1993,730.0,CircularEconomy,TTO
trinidad_and_tobago,1994,740.0,CircularEconomy,TTO
trinidad_and_tobago,1995,750.0,CircularEconomy,TTO
trinidad_and_tobago,1996,750.0,CircularEconomy,TTO
trinidad_and_tobago,1997,760.0,CircularEconomy,TTO
trinidad_and_tobago,1998,770.0,CircularEconomy,TTO
trinidad_and_tobago,1999,780.0,CircularEconomy,TTO
trinidad_and_tobago,2000,790.0,CircularEconomy,TTO
trinidad_and_tobago,2001,820.0,CircularEconomy,TTO
trinidad_and_tobago,2002,840.0,CircularEconomy,TTO
trinidad_and_tobago,2003,870.0,CircularEconomy,TTO
trinidad_and_tobago,2004,890.0,CircularEconomy,TTO
trinidad_and_tobago,2005,920.0,CircularEconomy,TTO
trinidad_and_tobago,2006,960.0,CircularEconomy,TTO
trinidad_and_tobago,2007,990.0,CircularEconomy,TTO
trinidad_and_tobago,2008,1030.0,CircularEconomy,TTO
trinidad_and_tobago,2009,1070.0,CircularEconomy,TTO
trinidad_and_tobago,2010,1100.0,CircularEconomy,TTO
trinidad_and_tobago,2011,1120.0,CircularEconomy,TTO
trinidad_and_tobago,2012,1140.0,CircularEconomy,TTO
trinidad_and_tobago,2013,1160.0,CircularEconomy,TTO
trinidad_and_tobago,2014,1180.0,CircularEconomy,TTO
trinidad_and_tobago,2015,1200.0,CircularEconomy,TTO
trinidad_and_tobago,2016,1210.0,CircularEconomy,TTO
trinidad_and_tobago,2017,1220.0,CircularEconomy,TTO
trinidad_and_tobago,2018,1240.0,CircularEconomy,TTO
trinidad_and_tobago,2019,1250.0,CircularEconomy,TTO
trinidad_and_tobago,1990,230.0,IPPU,TTO
trinidad_and_tobago,1991,270.0,IPPU,TTO
trinidad_and_tobago,1992,280.0,IPPU,TTO
trinidad_and_tobago,1993,320.0,IPPU,TTO
trinidad_and_tobago,1994,360.0,IPPU,TTO
trinidad_and_tobago,1995,370.0,IPPU,TTO
trinidad_and_tobago,1996,470.0,IPPU,TTO
trinidad_and_tobago,1997,570.0,IPPU,TTO
trinidad_and_tobago,1998,660.0,IPPU,TTO
trinidad_and_tobago,1999,740.0,IPPU,TTO
trinidad_and_tobago,2000,840.0,IPPU,TTO
trinidad_and_tobago,2001,860.0,IPPU,TTO
trinidad_and_tobago,2002,930.0,IPPU,TTO
trinidad_and_tobago,2003,980.0,IPPU,TTO
trinidad_and_tobago,2004,1020.0,IPPU,TTO
trinidad_and_tobago,2005,1030.0,IPPU,TTO
trinidad_and_tobago,2006,1250.0,IPPU,TTO
trinidad_and_tobago,2007,1390.0,IPPU,TTO
trinidad_and_tobago,2008,1550.0,IPPU,TTO
trinidad_and_tobago,2009,1650.0,IPPU,TTO
trinidad_and_tobago,2010,1760.0,IPPU,TTO
trinidad_and_tobago,2011,2030.0,IPPU,TTO
trinidad_and_tobago,2012,2220.0,IPPU,TTO
trinidad_and_tobago,2013,2530.0,IPPU,TTO
trinidad_and_tobago,2014,2800.0,IPPU,TTO
trinidad_and_tobago,2015,3060.0,IPPU,TTO
trinidad_and_tobago,2016,3270.0,IPPU,TTO
trinidad_and_tobago,2017,3500.0,IPPU,TTO
trinidad_and_tobago,2018,3750.0,IPPU,TTO
trinidad_and_tobago,2019,4000.0,IPPU,TTO
uruguay,1990,1360.0,CircularEconomy,URY
uruguay,1991,1400.0,CircularEconomy,URY
uruguay,1992,1440.0,CircularEconomy,URY
uruguay,1993,1480.0,CircularEconomy,URY
uruguay,1994,1520.0,CircularEconomy,URY
uruguay,1995,1530.0,CircularEconomy,URY
uruguay,1996,1540.0,CircularEconomy,URY
uruguay,1997,1560.0,CircularEconomy,URY
uruguay,1998,1570.0,CircularEconomy,URY
uruguay,1999,1620.0,CircularEconomy,URY
uruguay,2000,1680.0,CircularEconomy,URY
uruguay,2001,1670.0,CircularEconomy,URY
uruguay,2002,1660.0,CircularEconomy,URY
uruguay,2003,1670.0,CircularEconomy,URY
uruguay,2004,1750.0,CircularEconomy,URY
uruguay,2005,1760.0,CircularEconomy,URY
uruguay,2006,1780.0,CircularEconomy,URY
uruguay,2007,1790.0,CircularEconomy,URY
uruguay,2008,1810.0,CircularEconomy,URY
uruguay,2009,1830.0,CircularEconomy,URY
uruguay,2010,1840.0,CircularEconomy,URY
uruguay,2011,1860.0,CircularEconomy,URY
uruguay,2012,1890.0,CircularEconomy,URY
uruguay,2013,1910.0,CircularEconomy,URY
uruguay,2014,1930.0,CircularEconomy,URY
uruguay,2015,1950.0,CircularEconomy,URY
uruguay,2016,1970.0,CircularEconomy,URY
uruguay,2017,1990.0,CircularEconomy,URY
uruguay,2018,2010.0,CircularEconomy,URY
uruguay,2019,2030.0,CircularEconomy,URY
uruguay,1990,260.0,IPPU,URY
uruguay,1991,260.0,IPPU,URY
uruguay,1992,260.0,IPPU,URY
uruguay,1993,270.0,IPPU,URY
uruguay,1994,360.0,IPPU,URY
uruguay,1995,310.0,IPPU,URY
uruguay,1996,370.0,IPPU,URY
uruguay,1997,440.0,IPPU,URY
uruguay,1998,500.0,IPPU,URY
uruguay,1999,490.0,IPPU,URY
uruguay,2000,470.0,IPPU,URY
uruguay,2001,620.0,IPPU,URY
uruguay,2002,620.0,IPPU,URY
uruguay,2003,650.0,IPPU,URY
uruguay,2004,480.0,IPPU,URY
uruguay,2005,490.0,IPPU,URY
uruguay,2006,530.0,IPPU,URY
uruguay,2007,570.0,IPPU,URY
uruguay,2008,600.0,IPPU,URY
uruguay,2009,810.0,IPPU,URY
uruguay,2010,760.0,IPPU,URY
uruguay,2011,880.0,IPPU,URY
uruguay,2012,910.0,IPPU,URY
uruguay,2013,960.0,IPPU,URY
uruguay,2014,1030.0,IPPU,URY
uruguay,2015,1100.0,IPPU,URY
uruguay,2016,1130.0,IPPU,URY
uruguay,2017,1230.0,IPPU,URY
uruguay,2018,1300.0,IPPU,URY
uruguay,2019,1370.0,IPPU,URY
venezuela,1990,6060.0,CircularEconomy,VEN
venezuela,1991,6230.0,CircularEconomy,VEN
venezuela,1992,6410.0,CircularEconomy,VEN
venezuela,1993,6580.0,CircularEconomy,VEN
venezuela,1994,6750.0,CircularEconomy,VEN
venezuela,1995,6920.0,CircularEconomy,VEN
venezuela,1996,7090.0,CircularEconomy,VEN
venezuela,1997,7260.0,CircularEconomy,VEN
venezuela,1998,7430.0,CircularEconomy,VEN
venezuela,1999,7600.0,CircularEconomy,VEN
venezuela,2000,7770.0,CircularEconomy,VEN
venezuela,2001,7910.0,CircularEconomy,VEN
venezuela,2002,8050.000000000001,CircularEconomy,VEN
venezuela,2003,8180.0,CircularEconomy,VEN
venezuela,2004,8320.0,CircularEconomy,VEN
venezuela,2005,8460.0,CircularEconomy,VEN
venezuela,2006,8700.0,CircularEconomy,VEN
venezuela,2007,8940.0,CircularEconomy,VEN
venezuela,2008,9180.0,CircularEconomy,VEN
venezuela,2009,9420.0,CircularEconomy,VEN
venezuela,2010,9660.0,CircularEconomy,VEN
venezuela,2011,9860.0,CircularEconomy,VEN
venezuela,2012,10060.0,CircularEconomy,VEN
venezuela,2013,10260.0,CircularEconomy,VEN
venezuela,2014,10460.0,CircularEconomy,VEN
venezuela,2015,10660.0,CircularEconomy,VEN
venezuela,2016,10760.0,CircularEconomy,VEN
venezuela,2017,10860.0,CircularEconomy,VEN
venezuela,2018,10960.0,CircularEconomy,VEN
venezuela,2019,11050.0,CircularEconomy,VEN
venezuela,1990,9220.0,IPPU,VEN
venezuela,1991,9350.0,IPPU,VEN
venezuela,1992,9100.0,IPPU,VEN
venezuela,1993,8850.0,IPPU,VEN
venezuela,1994,8520.0,IPPU,VEN
venezuela,1995,8490.0,IPPU,VEN
venezuela,1996,8150.0,IPPU,VEN
venezuela,1997,8140.000000000001,IPPU,VEN
venezuela,1998,7880.0,IPPU,VEN
venezuela,1999,7850.0,IPPU,VEN
venezuela,2000,7610.0,IPPU,VEN
venezuela,2001,7710.0,IPPU,VEN
venezuela,2002,7010.0,IPPU,VEN
venezuela,2003,7370.0,IPPU,VEN
venezuela,2004,6270.0,IPPU,VEN
venezuela,2005,6670.0,IPPU,VEN
venezuela,2006,9570.0,IPPU,VEN
venezuela,2007,8960.0,IPPU,VEN
venezuela,2008,9610.0,IPPU,VEN
venezuela,2009,10220.0,IPPU,VEN
venezuela,2010,10610.0,IPPU,VEN
venezuela,2011,10950.0,IPPU,VEN
venezuela,2012,11310.0,IPPU,VEN
venezuela,2013,11590.0,IPPU,VEN
venezuela,2014,11370.0,IPPU,VEN
venezuela,2015,11590.0,IPPU,VEN
venezuela,2016,11810.0,IPPU,VEN
venezuela,2017,12690.0,IPPU,VEN
venezuela,2018,12870.0,IPPU,VEN
venezuela,2019,13460.0,IPPU,VEN
